PassengerId,Survived,Age,SibSp,Parch,Fare,is_cabin_missed,is_age_missed,Ticket_number,is_male,Pclass__1,Pclass__2,Pclass__3,Embarked__C,Embarked__Q,Embarked__S,Title__Miss,Title__Mr,Title__Mrs,Title__Other
1,0,22.0,1,0,7.25,1,0,21171,1.0,0.0,0.0,1.0,0.0,0.0,1.0,0.0,1.0,0.0,0.0
2,1,38.0,1,0,71.2833,0,0,17599,0.0,1.0,0.0,0.0,1.0,0.0,0.0,0.0,0.0,1.0,0.0
3,1,26.0,0,0,7.925,1,0,3101282,0.0,0.0,0.0,1.0,0.0,0.0,1.0,1.0,0.0,0.0,0.0
4,1,35.0,1,0,53.1,0,0,113803,0.0,1.0,0.0,0.0,0.0,0.0,1.0,0.0,0.0,1.0,0.0
5,0,35.0,0,0,8.05,1,0,373450,1.0,0.0,0.0,1.0,0.0,0.0,1.0,0.0,1.0,0.0,0.0
6,0,0.0,0,0,8.4583,1,1,330877,1.0,0.0,0.0,1.0,0.0,1.0,0.0,0.0,1.0,0.0,0.0
7,0,54.0,0,0,51.8625,0,0,17463,1.0,1.0,0.0,0.0,0.0,0.0,1.0,0.0,1.0,0.0,0.0
8,0,2.0,3,1,21.075,1,0,349909,1.0,0.0,0.0,1.0,0.0,0.0,1.0,0.0,0.0,0.0,1.0
9,1,27.0,0,2,11.1333,1,0,347742,0.0,0.0,0.0,1.0,0.0,0.0,1.0,0.0,0.0,1.0,0.0
10,1,14.0,1,0,30.0708,1,0,237736,0.0,0.0,1.0,0.0,1.0,0.0,0.0,0.0,0.0,1.0,0.0
11,1,4.0,1,1,16.7,0,0,9549,0.0,0.0,0.0,1.0,0.0,0.0,1.0,1.0,0.0,0.0,0.0
12,1,58.0,0,0,26.55,0,0,113783,0.0,1.0,0.0,0.0,0.0,0.0,1.0,1.0,0.0,0.0,0.0
13,0,20.0,0,0,8.05,1,0,2151,1.0,0.0,0.0,1.0,0.0,0.0,1.0,0.0,1.0,0.0,0.0
14,0,39.0,1,5,31.275,1,0,347082,1.0,0.0,0.0,1.0,0.0,0.0,1.0,0.0,1.0,0.0,0.0
15,0,14.0,0,0,7.8542,1,0,350406,0.0,0.0,0.0,1.0,0.0,0.0,1.0,1.0,0.0,0.0,0.0
16,1,55.0,0,0,16.0,1,0,248706,0.0,0.0,1.0,0.0,0.0,0.0,1.0,0.0,0.0,1.0,0.0
17,0,2.0,4,1,29.125,1,0,382652,1.0,0.0,0.0,1.0,0.0,1.0,0.0,0.0,0.0,0.0,1.0
18,1,0.0,0,0,13.0,1,1,244373,1.0,0.0,1.0,0.0,0.0,0.0,1.0,0.0,1.0,0.0,0.0
19,0,31.0,1,0,18.0,1,0,345763,0.0,0.0,0.0,1.0,0.0,0.0,1.0,0.0,0.0,1.0,0.0
20,1,0.0,0,0,7.225,1,1,2649,0.0,0.0,0.0,1.0,1.0,0.0,0.0,0.0,0.0,1.0,0.0
21,0,35.0,0,0,26.0,1,0,239865,1.0,0.0,1.0,0.0,0.0,0.0,1.0,0.0,1.0,0.0,0.0
22,1,34.0,0,0,13.0,0,0,248698,1.0,0.0,1.0,0.0,0.0,0.0,1.0,0.0,1.0,0.0,0.0
23,1,15.0,0,0,8.0292,1,0,330923,0.0,0.0,0.0,1.0,0.0,1.0,0.0,1.0,0.0,0.0,0.0
24,1,28.0,0,0,35.5,0,0,113788,1.0,1.0,0.0,0.0,0.0,0.0,1.0,0.0,1.0,0.0,0.0
25,0,8.0,3,1,21.075,1,0,349909,0.0,0.0,0.0,1.0,0.0,0.0,1.0,1.0,0.0,0.0,0.0
26,1,38.0,1,5,31.3875,1,0,347077,0.0,0.0,0.0,1.0,0.0,0.0,1.0,0.0,0.0,1.0,0.0
27,0,0.0,0,0,7.225,1,1,2631,1.0,0.0,0.0,1.0,1.0,0.0,0.0,0.0,1.0,0.0,0.0
28,0,19.0,3,2,263.0,0,0,19950,1.0,1.0,0.0,0.0,0.0,0.0,1.0,0.0,1.0,0.0,0.0
29,1,0.0,0,0,7.8792,1,1,330959,0.0,0.0,0.0,1.0,0.0,1.0,0.0,1.0,0.0,0.0,0.0
30,0,0.0,0,0,7.8958,1,1,349216,1.0,0.0,0.0,1.0,0.0,0.0,1.0,0.0,1.0,0.0,0.0
31,0,40.0,0,0,27.7208,1,0,17601,1.0,1.0,0.0,0.0,1.0,0.0,0.0,0.0,0.0,0.0,1.0
32,1,0.0,1,0,146.5208,0,1,17569,0.0,1.0,0.0,0.0,1.0,0.0,0.0,0.0,0.0,1.0,0.0
33,1,0.0,0,0,7.75,1,1,335677,0.0,0.0,0.0,1.0,0.0,1.0,0.0,1.0,0.0,0.0,0.0
34,0,66.0,0,0,10.5,1,0,24579,1.0,0.0,1.0,0.0,0.0,0.0,1.0,0.0,1.0,0.0,0.0
35,0,28.0,1,0,82.1708,1,0,17604,1.0,1.0,0.0,0.0,1.0,0.0,0.0,0.0,1.0,0.0,0.0
36,0,42.0,1,0,52.0,1,0,113789,1.0,1.0,0.0,0.0,0.0,0.0,1.0,0.0,1.0,0.0,0.0
37,1,0.0,0,0,7.2292,1,1,2677,1.0,0.0,0.0,1.0,1.0,0.0,0.0,0.0,1.0,0.0,0.0
38,0,21.0,0,0,8.05,1,0,2152,1.0,0.0,0.0,1.0,0.0,0.0,1.0,0.0,1.0,0.0,0.0
39,0,18.0,2,0,18.0,1,0,345764,0.0,0.0,0.0,1.0,0.0,0.0,1.0,1.0,0.0,0.0,0.0
40,1,14.0,1,0,11.2417,1,0,2651,0.0,0.0,0.0,1.0,1.0,0.0,0.0,1.0,0.0,0.0,0.0
41,0,40.0,1,0,9.475,1,0,7546,0.0,0.0,0.0,1.0,0.0,0.0,1.0,0.0,0.0,1.0,0.0
42,0,27.0,1,0,21.0,1,0,11668,0.0,0.0,1.0,0.0,0.0,0.0,1.0,0.0,0.0,1.0,0.0
43,0,0.0,0,0,7.8958,1,1,349253,1.0,0.0,0.0,1.0,1.0,0.0,0.0,0.0,1.0,0.0,0.0
44,1,3.0,1,2,41.5792,1,0,2123,0.0,0.0,1.0,0.0,1.0,0.0,0.0,1.0,0.0,0.0,0.0
45,1,19.0,0,0,7.8792,1,0,330958,0.0,0.0,0.0,1.0,0.0,1.0,0.0,1.0,0.0,0.0,0.0
46,0,0.0,0,0,8.05,1,1,23567,1.0,0.0,0.0,1.0,0.0,0.0,1.0,0.0,1.0,0.0,0.0
47,0,0.0,1,0,15.5,1,1,370371,1.0,0.0,0.0,1.0,0.0,1.0,0.0,0.0,1.0,0.0,0.0
48,1,0.0,0,0,7.75,1,1,14311,0.0,0.0,0.0,1.0,0.0,1.0,0.0,1.0,0.0,0.0,0.0
49,0,0.0,2,0,21.6792,1,1,2662,1.0,0.0,0.0,1.0,1.0,0.0,0.0,0.0,1.0,0.0,0.0
50,0,18.0,1,0,17.8,1,0,349237,0.0,0.0,0.0,1.0,0.0,0.0,1.0,0.0,0.0,1.0,0.0
51,0,7.0,4,1,39.6875,1,0,3101295,1.0,0.0,0.0,1.0,0.0,0.0,1.0,0.0,0.0,0.0,1.0
52,0,21.0,0,0,7.8,1,0,39886,1.0,0.0,0.0,1.0,0.0,0.0,1.0,0.0,1.0,0.0,0.0
53,1,49.0,1,0,76.7292,0,0,17572,0.0,1.0,0.0,0.0,1.0,0.0,0.0,0.0,0.0,1.0,0.0
54,1,29.0,1,0,26.0,1,0,2926,0.0,0.0,1.0,0.0,0.0,0.0,1.0,0.0,0.0,1.0,0.0
55,0,65.0,0,1,61.9792,0,0,113509,1.0,1.0,0.0,0.0,1.0,0.0,0.0,0.0,1.0,0.0,0.0
56,1,0.0,0,0,35.5,0,1,19947,1.0,1.0,0.0,0.0,0.0,0.0,1.0,0.0,1.0,0.0,0.0
57,1,21.0,0,0,10.5,1,0,31026,0.0,0.0,1.0,0.0,0.0,0.0,1.0,1.0,0.0,0.0,0.0
58,0,28.5,0,0,7.2292,1,0,2697,1.0,0.0,0.0,1.0,1.0,0.0,0.0,0.0,1.0,0.0,0.0
59,1,5.0,1,2,27.75,1,0,34651,0.0,0.0,1.0,0.0,0.0,0.0,1.0,1.0,0.0,0.0,0.0
60,0,11.0,5,2,46.9,1,0,2144,1.0,0.0,0.0,1.0,0.0,0.0,1.0,0.0,0.0,0.0,1.0
61,0,22.0,0,0,7.2292,1,0,2669,1.0,0.0,0.0,1.0,1.0,0.0,0.0,0.0,1.0,0.0,0.0
63,0,45.0,1,0,83.475,0,0,36973,1.0,1.0,0.0,0.0,0.0,0.0,1.0,0.0,1.0,0.0,0.0
64,0,4.0,3,2,27.9,1,0,347088,1.0,0.0,0.0,1.0,0.0,0.0,1.0,0.0,0.0,0.0,1.0
65,0,0.0,0,0,27.7208,1,1,17605,1.0,1.0,0.0,0.0,1.0,0.0,0.0,0.0,1.0,0.0,0.0
66,1,0.0,1,1,15.2458,1,1,2661,1.0,0.0,0.0,1.0,1.0,0.0,0.0,0.0,0.0,0.0,1.0
67,1,29.0,0,0,10.5,0,0,29395,0.0,0.0,1.0,0.0,0.0,0.0,1.0,0.0,0.0,1.0,0.0
68,0,19.0,0,0,8.1583,1,0,3464,1.0,0.0,0.0,1.0,0.0,0.0,1.0,0.0,1.0,0.0,0.0
69,1,17.0,4,2,7.925,1,0,3101281,0.0,0.0,0.0,1.0,0.0,0.0,1.0,1.0,0.0,0.0,0.0
70,0,26.0,2,0,8.6625,1,0,315151,1.0,0.0,0.0,1.0,0.0,0.0,1.0,0.0,1.0,0.0,0.0
71,0,32.0,0,0,10.5,1,0,33111,1.0,0.0,1.0,0.0,0.0,0.0,1.0,0.0,1.0,0.0,0.0
72,0,16.0,5,2,46.9,1,0,2144,0.0,0.0,0.0,1.0,0.0,0.0,1.0,1.0,0.0,0.0,0.0
73,0,21.0,0,0,73.5,1,0,14879,1.0,0.0,1.0,0.0,0.0,0.0,1.0,0.0,1.0,0.0,0.0
74,0,26.0,1,0,14.4542,1,0,2680,1.0,0.0,0.0,1.0,1.0,0.0,0.0,0.0,1.0,0.0,0.0
75,1,32.0,0,0,56.4958,1,0,1601,1.0,0.0,0.0,1.0,0.0,0.0,1.0,0.0,1.0,0.0,0.0
76,0,25.0,0,0,7.65,0,0,348123,1.0,0.0,0.0,1.0,0.0,0.0,1.0,0.0,1.0,0.0,0.0
77,0,0.0,0,0,7.8958,1,1,349208,1.0,0.0,0.0,1.0,0.0,0.0,1.0,0.0,1.0,0.0,0.0
78,0,0.0,0,0,8.05,1,1,374746,1.0,0.0,0.0,1.0,0.0,0.0,1.0,0.0,1.0,0.0,0.0
79,1,0.83,0,2,29.0,1,0,248738,1.0,0.0,1.0,0.0,0.0,0.0,1.0,0.0,0.0,0.0,1.0
80,1,30.0,0,0,12.475,1,0,364516,0.0,0.0,0.0,1.0,0.0,0.0,1.0,1.0,0.0,0.0,0.0
81,0,22.0,0,0,9.0,1,0,345767,1.0,0.0,0.0,1.0,0.0,0.0,1.0,0.0,1.0,0.0,0.0
82,1,29.0,0,0,9.5,1,0,345779,1.0,0.0,0.0,1.0,0.0,0.0,1.0,0.0,1.0,0.0,0.0
83,1,0.0,0,0,7.7875,1,1,330932,0.0,0.0,0.0,1.0,0.0,1.0,0.0,1.0,0.0,0.0,0.0
84,0,28.0,0,0,47.1,1,0,113059,1.0,1.0,0.0,0.0,0.0,0.0,1.0,0.0,1.0,0.0,0.0
85,1,17.0,0,0,10.5,1,0,14885,0.0,0.0,1.0,0.0,0.0,0.0,1.0,1.0,0.0,0.0,0.0
86,1,33.0,3,0,15.85,1,0,3101278,0.0,0.0,0.0,1.0,0.0,0.0,1.0,0.0,0.0,1.0,0.0
87,0,16.0,1,3,34.375,1,0,6608,1.0,0.0,0.0,1.0,0.0,0.0,1.0,0.0,1.0,0.0,0.0
88,0,0.0,0,0,8.05,1,1,392086,1.0,0.0,0.0,1.0,0.0,0.0,1.0,0.0,1.0,0.0,0.0
89,1,23.0,3,2,263.0,0,0,19950,0.0,1.0,0.0,0.0,0.0,0.0,1.0,1.0,0.0,0.0,0.0
90,0,24.0,0,0,8.05,1,0,343275,1.0,0.0,0.0,1.0,0.0,0.0,1.0,0.0,1.0,0.0,0.0
91,0,29.0,0,0,8.05,1,0,343276,1.0,0.0,0.0,1.0,0.0,0.0,1.0,0.0,1.0,0.0,0.0
92,0,20.0,0,0,7.8542,1,0,347466,1.0,0.0,0.0,1.0,0.0,0.0,1.0,0.0,1.0,0.0,0.0
93,0,46.0,1,0,61.175,0,0,5734,1.0,1.0,0.0,0.0,0.0,0.0,1.0,0.0,1.0,0.0,0.0
94,0,26.0,1,2,20.575,1,0,2315,1.0,0.0,0.0,1.0,0.0,0.0,1.0,0.0,1.0,0.0,0.0
95,0,59.0,0,0,7.25,1,0,364500,1.0,0.0,0.0,1.0,0.0,0.0,1.0,0.0,1.0,0.0,0.0
96,0,0.0,0,0,8.05,1,1,374910,1.0,0.0,0.0,1.0,0.0,0.0,1.0,0.0,1.0,0.0,0.0
97,0,71.0,0,0,34.6542,0,0,17754,1.0,1.0,0.0,0.0,1.0,0.0,0.0,0.0,1.0,0.0,0.0
98,1,23.0,0,1,63.3583,0,0,17759,1.0,1.0,0.0,0.0,1.0,0.0,0.0,0.0,1.0,0.0,0.0
99,1,34.0,0,1,23.0,1,0,231919,0.0,0.0,1.0,0.0,0.0,0.0,1.0,0.0,0.0,1.0,0.0
100,0,34.0,1,0,26.0,1,0,244367,1.0,0.0,1.0,0.0,0.0,0.0,1.0,0.0,1.0,0.0,0.0
101,0,28.0,0,0,7.8958,1,0,349245,0.0,0.0,0.0,1.0,0.0,0.0,1.0,1.0,0.0,0.0,0.0
102,0,0.0,0,0,7.8958,1,1,349215,1.0,0.0,0.0,1.0,0.0,0.0,1.0,0.0,1.0,0.0,0.0
103,0,21.0,0,1,77.2875,0,0,35281,1.0,1.0,0.0,0.0,0.0,0.0,1.0,0.0,1.0,0.0,0.0
104,0,33.0,0,0,8.6542,1,0,7540,1.0,0.0,0.0,1.0,0.0,0.0,1.0,0.0,1.0,0.0,0.0
105,0,37.0,2,0,7.925,1,0,3101276,1.0,0.0,0.0,1.0,0.0,0.0,1.0,0.0,1.0,0.0,0.0
106,0,28.0,0,0,7.8958,1,0,349207,1.0,0.0,0.0,1.0,0.0,0.0,1.0,0.0,1.0,0.0,0.0
107,1,21.0,0,0,7.65,1,0,343120,0.0,0.0,0.0,1.0,0.0,0.0,1.0,1.0,0.0,0.0,0.0
108,1,0.0,0,0,7.775,1,1,312991,1.0,0.0,0.0,1.0,0.0,0.0,1.0,0.0,1.0,0.0,0.0
109,0,38.0,0,0,7.8958,1,0,349249,1.0,0.0,0.0,1.0,0.0,0.0,1.0,0.0,1.0,0.0,0.0
110,1,0.0,1,0,24.15,1,1,371110,0.0,0.0,0.0,1.0,0.0,1.0,0.0,1.0,0.0,0.0,0.0
111,0,47.0,0,0,52.0,0,0,110465,1.0,1.0,0.0,0.0,0.0,0.0,1.0,0.0,1.0,0.0,0.0
112,0,14.5,1,0,14.4542,1,0,2665,0.0,0.0,0.0,1.0,1.0,0.0,0.0,1.0,0.0,0.0,0.0
113,0,22.0,0,0,8.05,1,0,324669,1.0,0.0,0.0,1.0,0.0,0.0,1.0,0.0,1.0,0.0,0.0
114,0,20.0,1,0,9.825,1,0,4136,0.0,0.0,0.0,1.0,0.0,0.0,1.0,1.0,0.0,0.0,0.0
115,0,17.0,0,0,14.4583,1,0,2627,0.0,0.0,0.0,1.0,1.0,0.0,0.0,1.0,0.0,0.0,0.0
116,0,21.0,0,0,7.925,1,0,3101294,1.0,0.0,0.0,1.0,0.0,0.0,1.0,0.0,1.0,0.0,0.0
117,0,70.5,0,0,7.75,1,0,370369,1.0,0.0,0.0,1.0,0.0,1.0,0.0,0.0,1.0,0.0,0.0
118,0,29.0,1,0,21.0,1,0,11668,1.0,0.0,1.0,0.0,0.0,0.0,1.0,0.0,1.0,0.0,0.0
119,0,24.0,0,1,247.5208,0,0,17558,1.0,1.0,0.0,0.0,1.0,0.0,0.0,0.0,1.0,0.0,0.0
120,0,2.0,4,2,31.275,1,0,347082,0.0,0.0,0.0,1.0,0.0,0.0,1.0,1.0,0.0,0.0,0.0
121,0,21.0,2,0,73.5,1,0,14879,1.0,0.0,1.0,0.0,0.0,0.0,1.0,0.0,1.0,0.0,0.0
122,0,0.0,0,0,8.05,1,1,54510,1.0,0.0,0.0,1.0,0.0,0.0,1.0,0.0,1.0,0.0,0.0
123,0,32.5,1,0,30.0708,1,0,237736,1.0,0.0,1.0,0.0,1.0,0.0,0.0,0.0,1.0,0.0,0.0
124,1,32.5,0,0,13.0,0,0,27267,0.0,0.0,1.0,0.0,0.0,0.0,1.0,1.0,0.0,0.0,0.0
125,0,54.0,0,1,77.2875,0,0,35281,1.0,1.0,0.0,0.0,0.0,0.0,1.0,0.0,1.0,0.0,0.0
126,1,12.0,1,0,11.2417,1,0,2651,1.0,0.0,0.0,1.0,1.0,0.0,0.0,0.0,0.0,0.0,1.0
127,0,0.0,0,0,7.75,1,1,370372,1.0,0.0,0.0,1.0,0.0,1.0,0.0,0.0,1.0,0.0,0.0
128,1,24.0,0,0,7.1417,1,0,17369,1.0,0.0,0.0,1.0,0.0,0.0,1.0,0.0,1.0,0.0,0.0
129,1,0.0,1,1,22.3583,0,1,2668,0.0,0.0,0.0,1.0,1.0,0.0,0.0,1.0,0.0,0.0,0.0
130,0,45.0,0,0,6.975,1,0,347061,1.0,0.0,0.0,1.0,0.0,0.0,1.0,0.0,1.0,0.0,0.0
131,0,33.0,0,0,7.8958,1,0,349241,1.0,0.0,0.0,1.0,1.0,0.0,0.0,0.0,1.0,0.0,0.0
132,0,20.0,0,0,7.05,1,0,3101307,1.0,0.0,0.0,1.0,0.0,0.0,1.0,0.0,1.0,0.0,0.0
133,0,47.0,1,0,14.5,1,0,3337,0.0,0.0,0.0,1.0,0.0,0.0,1.0,0.0,0.0,1.0,0.0
134,1,29.0,1,0,26.0,1,0,228414,0.0,0.0,1.0,0.0,0.0,0.0,1.0,0.0,0.0,1.0,0.0
135,0,25.0,0,0,13.0,1,0,29178,1.0,0.0,1.0,0.0,0.0,0.0,1.0,0.0,1.0,0.0,0.0
136,0,23.0,0,0,15.0458,1,0,2133,1.0,0.0,1.0,0.0,1.0,0.0,0.0,0.0,1.0,0.0,0.0
137,1,19.0,0,2,26.2833,0,0,11752,0.0,1.0,0.0,0.0,0.0,0.0,1.0,1.0,0.0,0.0,0.0
138,0,37.0,1,0,53.1,0,0,113803,1.0,1.0,0.0,0.0,0.0,0.0,1.0,0.0,1.0,0.0,0.0
139,0,16.0,0,0,9.2167,1,0,7534,1.0,0.0,0.0,1.0,0.0,0.0,1.0,0.0,1.0,0.0,0.0
140,0,24.0,0,0,79.2,0,0,17593,1.0,1.0,0.0,0.0,1.0,0.0,0.0,0.0,1.0,0.0,0.0
141,0,0.0,0,2,15.2458,1,1,2678,0.0,0.0,0.0,1.0,1.0,0.0,0.0,0.0,0.0,1.0,0.0
142,1,22.0,0,0,7.75,1,0,347081,0.0,0.0,0.0,1.0,0.0,0.0,1.0,1.0,0.0,0.0,0.0
143,1,24.0,1,0,15.85,1,0,3101279,0.0,0.0,0.0,1.0,0.0,0.0,1.0,0.0,0.0,1.0,0.0
144,0,19.0,0,0,6.75,1,0,365222,1.0,0.0,0.0,1.0,0.0,1.0,0.0,0.0,1.0,0.0,0.0
145,0,18.0,0,0,11.5,1,0,231945,1.0,0.0,1.0,0.0,0.0,0.0,1.0,0.0,1.0,0.0,0.0
146,0,19.0,1,1,36.75,1,0,33112,1.0,0.0,1.0,0.0,0.0,0.0,1.0,0.0,1.0,0.0,0.0
147,1,27.0,0,0,7.7958,1,0,350043,1.0,0.0,0.0,1.0,0.0,0.0,1.0,0.0,1.0,0.0,0.0
148,0,9.0,2,2,34.375,1,0,6608,0.0,0.0,0.0,1.0,0.0,0.0,1.0,1.0,0.0,0.0,0.0
149,0,36.5,0,2,26.0,0,0,230080,1.0,0.0,1.0,0.0,0.0,0.0,1.0,0.0,1.0,0.0,0.0
150,0,42.0,0,0,13.0,1,0,244310,1.0,0.0,1.0,0.0,0.0,0.0,1.0,0.0,0.0,0.0,1.0
151,0,51.0,0,0,12.525,1,0,1166,1.0,0.0,1.0,0.0,0.0,0.0,1.0,0.0,0.0,0.0,1.0
152,1,22.0,1,0,66.6,0,0,113776,0.0,1.0,0.0,0.0,0.0,0.0,1.0,0.0,0.0,1.0,0.0
153,0,55.5,0,0,8.05,1,0,11206,1.0,0.0,0.0,1.0,0.0,0.0,1.0,0.0,1.0,0.0,0.0
154,0,40.5,0,2,14.5,1,0,851,1.0,0.0,0.0,1.0,0.0,0.0,1.0,0.0,1.0,0.0,0.0
155,0,0.0,0,0,7.3125,1,1,265302,1.0,0.0,0.0,1.0,0.0,0.0,1.0,0.0,1.0,0.0,0.0
156,0,51.0,0,1,61.3792,1,0,17597,1.0,1.0,0.0,0.0,1.0,0.0,0.0,0.0,1.0,0.0,0.0
157,1,16.0,0,0,7.7333,1,0,35851,0.0,0.0,0.0,1.0,0.0,1.0,0.0,1.0,0.0,0.0,0.0
158,0,30.0,0,0,8.05,1,0,392090,1.0,0.0,0.0,1.0,0.0,0.0,1.0,0.0,1.0,0.0,0.0
159,0,0.0,0,0,8.6625,1,1,315037,1.0,0.0,0.0,1.0,0.0,0.0,1.0,0.0,1.0,0.0,0.0
160,0,0.0,8,2,69.55,1,1,2343,1.0,0.0,0.0,1.0,0.0,0.0,1.0,0.0,0.0,0.0,1.0
161,0,44.0,0,1,16.1,1,0,371362,1.0,0.0,0.0,1.0,0.0,0.0,1.0,0.0,1.0,0.0,0.0
162,1,40.0,0,0,15.75,1,0,33595,0.0,0.0,1.0,0.0,0.0,0.0,1.0,0.0,0.0,1.0,0.0
163,0,26.0,0,0,7.775,1,0,347068,1.0,0.0,0.0,1.0,0.0,0.0,1.0,0.0,1.0,0.0,0.0
164,0,17.0,0,0,8.6625,1,0,315093,1.0,0.0,0.0,1.0,0.0,0.0,1.0,0.0,1.0,0.0,0.0
165,0,1.0,4,1,39.6875,1,0,3101295,1.0,0.0,0.0,1.0,0.0,0.0,1.0,0.0,0.0,0.0,1.0
166,1,9.0,0,2,20.525,1,0,363291,1.0,0.0,0.0,1.0,0.0,0.0,1.0,0.0,0.0,0.0,1.0
167,1,0.0,0,1,55.0,0,1,113505,0.0,1.0,0.0,0.0,0.0,0.0,1.0,0.0,0.0,1.0,0.0
168,0,45.0,1,4,27.9,1,0,347088,0.0,0.0,0.0,1.0,0.0,0.0,1.0,0.0,0.0,1.0,0.0
169,0,0.0,0,0,25.925,1,1,17318,1.0,1.0,0.0,0.0,0.0,0.0,1.0,0.0,1.0,0.0,0.0
170,0,28.0,0,0,56.4958,1,0,1601,1.0,0.0,0.0,1.0,0.0,0.0,1.0,0.0,1.0,0.0,0.0
171,0,61.0,0,0,33.5,0,0,111240,1.0,1.0,0.0,0.0,0.0,0.0,1.0,0.0,1.0,0.0,0.0
172,0,4.0,4,1,29.125,1,0,382652,1.0,0.0,0.0,1.0,0.0,1.0,0.0,0.0,0.0,0.0,1.0
173,1,1.0,1,1,11.1333,1,0,347742,0.0,0.0,0.0,1.0,0.0,0.0,1.0,1.0,0.0,0.0,0.0
174,0,21.0,0,0,7.925,1,0,3101280,1.0,0.0,0.0,1.0,0.0,0.0,1.0,0.0,1.0,0.0,0.0
175,0,56.0,0,0,30.6958,0,0,17764,1.0,1.0,0.0,0.0,1.0,0.0,0.0,0.0,1.0,0.0,0.0
176,0,18.0,1,1,7.8542,1,0,350404,1.0,0.0,0.0,1.0,0.0,0.0,1.0,0.0,1.0,0.0,0.0
177,0,0.0,3,1,25.4667,1,1,4133,1.0,0.0,0.0,1.0,0.0,0.0,1.0,0.0,0.0,0.0,1.0
178,0,50.0,0,0,28.7125,0,0,17595,0.0,1.0,0.0,0.0,1.0,0.0,0.0,1.0,0.0,0.0,0.0
179,0,30.0,0,0,13.0,1,0,250653,1.0,0.0,1.0,0.0,0.0,0.0,1.0,0.0,1.0,0.0,0.0
180,0,36.0,0,0,0.0,1,0,0,1.0,0.0,0.0,1.0,0.0,0.0,1.0,0.0,1.0,0.0,0.0
181,0,0.0,8,2,69.55,1,1,2343,0.0,0.0,0.0,1.0,0.0,0.0,1.0,1.0,0.0,0.0,0.0
182,0,0.0,0,0,15.05,1,1,2131,1.0,0.0,1.0,0.0,1.0,0.0,0.0,0.0,1.0,0.0,0.0
183,0,9.0,4,2,31.3875,1,0,347077,1.0,0.0,0.0,1.0,0.0,0.0,1.0,0.0,0.0,0.0,1.0
184,1,1.0,2,1,39.0,0,0,230136,1.0,0.0,1.0,0.0,0.0,0.0,1.0,0.0,0.0,0.0,1.0
185,1,4.0,0,2,22.025,1,0,315153,0.0,0.0,0.0,1.0,0.0,0.0,1.0,1.0,0.0,0.0,0.0
186,0,0.0,0,0,50.0,0,1,113767,1.0,1.0,0.0,0.0,0.0,0.0,1.0,0.0,1.0,0.0,0.0
187,1,0.0,1,0,15.5,1,1,370365,0.0,0.0,0.0,1.0,0.0,1.0,0.0,0.0,0.0,1.0,0.0
188,1,45.0,0,0,26.55,1,0,111428,1.0,1.0,0.0,0.0,0.0,0.0,1.0,0.0,1.0,0.0,0.0
189,0,40.0,1,1,15.5,1,0,364849,1.0,0.0,0.0,1.0,0.0,1.0,0.0,0.0,1.0,0.0,0.0
190,0,36.0,0,0,7.8958,1,0,349247,1.0,0.0,0.0,1.0,0.0,0.0,1.0,0.0,1.0,0.0,0.0
191,1,32.0,0,0,13.0,1,0,234604,0.0,0.0,1.0,0.0,0.0,0.0,1.0,0.0,0.0,1.0,0.0
192,0,19.0,0,0,13.0,1,0,28424,1.0,0.0,1.0,0.0,0.0,0.0,1.0,0.0,1.0,0.0,0.0
193,1,19.0,1,0,7.8542,1,0,350046,0.0,0.0,0.0,1.0,0.0,0.0,1.0,1.0,0.0,0.0,0.0
194,1,3.0,1,1,26.0,0,0,230080,1.0,0.0,1.0,0.0,0.0,0.0,1.0,0.0,0.0,0.0,1.0
195,1,44.0,0,0,27.7208,0,0,17610,0.0,1.0,0.0,0.0,1.0,0.0,0.0,0.0,0.0,1.0,0.0
196,1,58.0,0,0,146.5208,0,0,17569,0.0,1.0,0.0,0.0,1.0,0.0,0.0,1.0,0.0,0.0,0.0
197,0,0.0,0,0,7.75,1,1,368703,1.0,0.0,0.0,1.0,0.0,1.0,0.0,0.0,1.0,0.0,0.0
198,0,42.0,0,1,8.4042,1,0,4579,1.0,0.0,0.0,1.0,0.0,0.0,1.0,0.0,1.0,0.0,0.0
199,1,0.0,0,0,7.75,1,1,370370,0.0,0.0,0.0,1.0,0.0,1.0,0.0,1.0,0.0,0.0,0.0
200,0,24.0,0,0,13.0,1,0,248747,0.0,0.0,1.0,0.0,0.0,0.0,1.0,1.0,0.0,0.0,0.0
201,0,28.0,0,0,9.5,1,0,345770,1.0,0.0,0.0,1.0,0.0,0.0,1.0,0.0,1.0,0.0,0.0
202,0,0.0,8,2,69.55,1,1,2343,1.0,0.0,0.0,1.0,0.0,0.0,1.0,0.0,1.0,0.0,0.0
203,0,34.0,0,0,6.4958,1,0,3101264,1.0,0.0,0.0,1.0,0.0,0.0,1.0,0.0,1.0,0.0,0.0
204,0,45.5,0,0,7.225,1,0,2628,1.0,0.0,0.0,1.0,1.0,0.0,0.0,0.0,1.0,0.0,0.0
205,1,18.0,0,0,8.05,1,0,3540,1.0,0.0,0.0,1.0,0.0,0.0,1.0,0.0,1.0,0.0,0.0
206,0,2.0,0,1,10.4625,0,0,347054,0.0,0.0,0.0,1.0,0.0,0.0,1.0,1.0,0.0,0.0,0.0
207,0,32.0,1,0,15.85,1,0,3101278,1.0,0.0,0.0,1.0,0.0,0.0,1.0,0.0,1.0,0.0,0.0
208,1,26.0,0,0,18.7875,1,0,2699,1.0,0.0,0.0,1.0,1.0,0.0,0.0,0.0,1.0,0.0,0.0
209,1,16.0,0,0,7.75,1,0,367231,0.0,0.0,0.0,1.0,0.0,1.0,0.0,1.0,0.0,0.0,0.0
210,1,40.0,0,0,31.0,0,0,112277,1.0,1.0,0.0,0.0,1.0,0.0,0.0,0.0,1.0,0.0,0.0
211,0,24.0,0,0,7.05,1,0,3101311,1.0,0.0,0.0,1.0,0.0,0.0,1.0,0.0,1.0,0.0,0.0
212,1,35.0,0,0,21.0,1,0,13528,0.0,0.0,1.0,0.0,0.0,0.0,1.0,1.0,0.0,0.0,0.0
213,0,22.0,0,0,7.25,1,0,21174,1.0,0.0,0.0,1.0,0.0,0.0,1.0,0.0,1.0,0.0,0.0
214,0,30.0,0,0,13.0,1,0,250646,1.0,0.0,1.0,0.0,0.0,0.0,1.0,0.0,1.0,0.0,0.0
215,0,0.0,1,0,7.75,1,1,367229,1.0,0.0,0.0,1.0,0.0,1.0,0.0,0.0,1.0,0.0,0.0
216,1,31.0,1,0,113.275,0,0,35273,0.0,1.0,0.0,0.0,1.0,0.0,0.0,1.0,0.0,0.0,0.0
217,1,27.0,0,0,7.925,1,0,3101283,0.0,0.0,0.0,1.0,0.0,0.0,1.0,1.0,0.0,0.0,0.0
218,0,42.0,1,0,27.0,1,0,243847,1.0,0.0,1.0,0.0,0.0,0.0,1.0,0.0,1.0,0.0,0.0
219,1,32.0,0,0,76.2917,0,0,11813,0.0,1.0,0.0,0.0,1.0,0.0,0.0,1.0,0.0,0.0,0.0
220,0,30.0,0,0,10.5,1,0,14208,1.0,0.0,1.0,0.0,0.0,0.0,1.0,0.0,1.0,0.0,0.0
221,1,16.0,0,0,8.05,1,0,392089,1.0,0.0,0.0,1.0,0.0,0.0,1.0,0.0,1.0,0.0,0.0
222,0,27.0,0,0,13.0,1,0,220367,1.0,0.0,1.0,0.0,0.0,0.0,1.0,0.0,1.0,0.0,0.0
223,0,51.0,0,0,8.05,1,0,21440,1.0,0.0,0.0,1.0,0.0,0.0,1.0,0.0,1.0,0.0,0.0
224,0,0.0,0,0,7.8958,1,1,349234,1.0,0.0,0.0,1.0,0.0,0.0,1.0,0.0,1.0,0.0,0.0
225,1,38.0,1,0,90.0,0,0,19943,1.0,1.0,0.0,0.0,0.0,0.0,1.0,0.0,1.0,0.0,0.0
226,0,22.0,0,0,9.35,1,0,4348,1.0,0.0,0.0,1.0,0.0,0.0,1.0,0.0,1.0,0.0,0.0
227,1,19.0,0,0,10.5,1,0,751,1.0,0.0,1.0,0.0,0.0,0.0,1.0,0.0,1.0,0.0,0.0
228,0,20.5,0,0,7.25,1,0,21173,1.0,0.0,0.0,1.0,0.0,0.0,1.0,0.0,1.0,0.0,0.0
229,0,18.0,0,0,13.0,1,0,236171,1.0,0.0,1.0,0.0,0.0,0.0,1.0,0.0,1.0,0.0,0.0
230,0,0.0,3,1,25.4667,1,1,4133,0.0,0.0,0.0,1.0,0.0,0.0,1.0,1.0,0.0,0.0,0.0
231,1,35.0,1,0,83.475,0,0,36973,0.0,1.0,0.0,0.0,0.0,0.0,1.0,0.0,0.0,1.0,0.0
232,0,29.0,0,0,7.775,1,0,347067,1.0,0.0,0.0,1.0,0.0,0.0,1.0,0.0,1.0,0.0,0.0
233,0,59.0,0,0,13.5,1,0,237442,1.0,0.0,1.0,0.0,0.0,0.0,1.0,0.0,1.0,0.0,0.0
234,1,5.0,4,2,31.3875,1,0,347077,0.0,0.0,0.0,1.0,0.0,0.0,1.0,1.0,0.0,0.0,0.0
235,0,24.0,0,0,10.5,1,0,29566,1.0,0.0,1.0,0.0,0.0,0.0,1.0,0.0,1.0,0.0,0.0
236,0,0.0,0,0,7.55,1,1,6609,0.0,0.0,0.0,1.0,0.0,0.0,1.0,1.0,0.0,0.0,0.0
237,0,44.0,1,0,26.0,1,0,26707,1.0,0.0,1.0,0.0,0.0,0.0,1.0,0.0,1.0,0.0,0.0
238,1,8.0,0,2,26.25,1,0,31921,0.0,0.0,1.0,0.0,0.0,0.0,1.0,1.0,0.0,0.0,0.0
239,0,19.0,0,0,10.5,1,0,28665,1.0,0.0,1.0,0.0,0.0,0.0,1.0,0.0,1.0,0.0,0.0
240,0,33.0,0,0,12.275,1,0,1585,1.0,0.0,1.0,0.0,0.0,0.0,1.0,0.0,1.0,0.0,0.0
241,0,0.0,1,0,14.4542,1,1,2665,0.0,0.0,0.0,1.0,1.0,0.0,0.0,1.0,0.0,0.0,0.0
242,1,0.0,1,0,15.5,1,1,367230,0.0,0.0,0.0,1.0,0.0,1.0,0.0,1.0,0.0,0.0,0.0
243,0,29.0,0,0,10.5,1,0,14263,1.0,0.0,1.0,0.0,0.0,0.0,1.0,0.0,1.0,0.0,0.0
244,0,22.0,0,0,7.125,1,0,3101275,1.0,0.0,0.0,1.0,0.0,0.0,1.0,0.0,1.0,0.0,0.0
245,0,30.0,0,0,7.225,1,0,2694,1.0,0.0,0.0,1.0,1.0,0.0,0.0,0.0,1.0,0.0,0.0
246,0,44.0,2,0,90.0,0,0,19928,1.0,1.0,0.0,0.0,0.0,1.0,0.0,0.0,0.0,0.0,1.0
247,0,25.0,0,0,7.775,1,0,347071,0.0,0.0,0.0,1.0,0.0,0.0,1.0,1.0,0.0,0.0,0.0
248,1,24.0,0,2,14.5,1,0,250649,0.0,0.0,1.0,0.0,0.0,0.0,1.0,0.0,0.0,1.0,0.0
249,1,37.0,1,1,52.5542,0,0,11751,1.0,1.0,0.0,0.0,0.0,0.0,1.0,0.0,1.0,0.0,0.0
250,0,54.0,1,0,26.0,1,0,244252,1.0,0.0,1.0,0.0,0.0,0.0,1.0,0.0,0.0,0.0,1.0
251,0,0.0,0,0,7.25,1,1,362316,1.0,0.0,0.0,1.0,0.0,0.0,1.0,0.0,1.0,0.0,0.0
252,0,29.0,1,1,10.4625,0,0,347054,0.0,0.0,0.0,1.0,0.0,0.0,1.0,0.0,0.0,1.0,0.0
253,0,62.0,0,0,26.55,0,0,113514,1.0,1.0,0.0,0.0,0.0,0.0,1.0,0.0,1.0,0.0,0.0
254,0,30.0,1,0,16.1,1,0,3336,1.0,0.0,0.0,1.0,0.0,0.0,1.0,0.0,1.0,0.0,0.0
255,0,41.0,0,2,20.2125,1,0,370129,0.0,0.0,0.0,1.0,0.0,0.0,1.0,0.0,0.0,1.0,0.0
256,1,29.0,0,2,15.2458,1,0,2650,0.0,0.0,0.0,1.0,1.0,0.0,0.0,0.0,0.0,1.0,0.0
257,1,0.0,0,0,79.2,1,1,17585,0.0,1.0,0.0,0.0,1.0,0.0,0.0,0.0,0.0,1.0,0.0
258,1,30.0,0,0,86.5,0,0,110152,0.0,1.0,0.0,0.0,0.0,0.0,1.0,1.0,0.0,0.0,0.0
259,1,35.0,0,0,512.3292,1,0,17755,0.0,1.0,0.0,0.0,1.0,0.0,0.0,1.0,0.0,0.0,0.0
260,1,50.0,0,1,26.0,1,0,230433,0.0,0.0,1.0,0.0,0.0,0.0,1.0,0.0,0.0,1.0,0.0
261,0,0.0,0,0,7.75,1,1,384461,1.0,0.0,0.0,1.0,0.0,1.0,0.0,0.0,1.0,0.0,0.0
262,1,3.0,4,2,31.3875,1,0,347077,1.0,0.0,0.0,1.0,0.0,0.0,1.0,0.0,0.0,0.0,1.0
263,0,52.0,1,1,79.65,0,0,110413,1.0,1.0,0.0,0.0,0.0,0.0,1.0,0.0,1.0,0.0,0.0
264,0,40.0,0,0,0.0,0,0,112059,1.0,1.0,0.0,0.0,0.0,0.0,1.0,0.0,1.0,0.0,0.0
265,0,0.0,0,0,7.75,1,1,382649,0.0,0.0,0.0,1.0,0.0,1.0,0.0,1.0,0.0,0.0,0.0
266,0,36.0,0,0,10.5,1,0,17248,1.0,0.0,1.0,0.0,0.0,0.0,1.0,0.0,1.0,0.0,0.0
267,0,16.0,4,1,39.6875,1,0,3101295,1.0,0.0,0.0,1.0,0.0,0.0,1.0,0.0,1.0,0.0,0.0
268,1,25.0,1,0,7.775,1,0,347083,1.0,0.0,0.0,1.0,0.0,0.0,1.0,0.0,1.0,0.0,0.0
269,1,58.0,0,1,153.4625,0,0,17582,0.0,1.0,0.0,0.0,0.0,0.0,1.0,0.0,0.0,1.0,0.0
270,1,35.0,0,0,135.6333,0,0,17760,0.0,1.0,0.0,0.0,0.0,0.0,1.0,1.0,0.0,0.0,0.0
271,0,0.0,0,0,31.0,1,1,113798,1.0,1.0,0.0,0.0,0.0,0.0,1.0,0.0,1.0,0.0,0.0
272,1,25.0,0,0,0.0,1,0,0,1.0,0.0,0.0,1.0,0.0,0.0,1.0,0.0,1.0,0.0,0.0
273,1,41.0,0,1,19.5,1,0,250644,0.0,0.0,1.0,0.0,0.0,0.0,1.0,0.0,0.0,1.0,0.0
274,0,37.0,0,1,29.7,0,0,17596,1.0,1.0,0.0,0.0,1.0,0.0,0.0,0.0,1.0,0.0,0.0
275,1,0.0,0,0,7.75,1,1,370375,0.0,0.0,0.0,1.0,0.0,1.0,0.0,1.0,0.0,0.0,0.0
276,1,63.0,1,0,77.9583,0,0,13502,0.0,1.0,0.0,0.0,0.0,0.0,1.0,1.0,0.0,0.0,0.0
277,0,45.0,0,0,7.75,1,0,347073,0.0,0.0,0.0,1.0,0.0,0.0,1.0,1.0,0.0,0.0,0.0
278,0,0.0,0,0,0.0,1,1,239853,1.0,0.0,1.0,0.0,0.0,0.0,1.0,0.0,1.0,0.0,0.0
279,0,7.0,4,1,29.125,1,0,382652,1.0,0.0,0.0,1.0,0.0,1.0,0.0,0.0,0.0,0.0,1.0
280,1,35.0,1,1,20.25,1,0,2673,0.0,0.0,0.0,1.0,0.0,0.0,1.0,0.0,0.0,1.0,0.0
281,0,65.0,0,0,7.75,1,0,336439,1.0,0.0,0.0,1.0,0.0,1.0,0.0,0.0,1.0,0.0,0.0
282,0,28.0,0,0,7.8542,1,0,347464,1.0,0.0,0.0,1.0,0.0,0.0,1.0,0.0,1.0,0.0,0.0
283,0,16.0,0,0,9.5,1,0,345778,1.0,0.0,0.0,1.0,0.0,0.0,1.0,0.0,1.0,0.0,0.0
284,1,19.0,0,0,8.05,1,0,10482,1.0,0.0,0.0,1.0,0.0,0.0,1.0,0.0,1.0,0.0,0.0
285,0,0.0,0,0,26.0,0,1,113056,1.0,1.0,0.0,0.0,0.0,0.0,1.0,0.0,1.0,0.0,0.0
286,0,33.0,0,0,8.6625,1,0,349239,1.0,0.0,0.0,1.0,1.0,0.0,0.0,0.0,1.0,0.0,0.0
287,1,30.0,0,0,9.5,1,0,345774,1.0,0.0,0.0,1.0,0.0,0.0,1.0,0.0,1.0,0.0,0.0
288,0,22.0,0,0,7.8958,1,0,349206,1.0,0.0,0.0,1.0,0.0,0.0,1.0,0.0,1.0,0.0,0.0
289,1,42.0,0,0,13.0,1,0,237798,1.0,0.0,1.0,0.0,0.0,0.0,1.0,0.0,1.0,0.0,0.0
290,1,22.0,0,0,7.75,1,0,370373,0.0,0.0,0.0,1.0,0.0,1.0,0.0,1.0,0.0,0.0,0.0
291,1,26.0,0,0,78.85,1,0,19877,0.0,1.0,0.0,0.0,0.0,0.0,1.0,1.0,0.0,0.0,0.0
292,1,19.0,1,0,91.0792,0,0,11967,0.0,1.0,0.0,0.0,1.0,0.0,0.0,0.0,0.0,1.0,0.0
293,0,36.0,0,0,12.875,0,0,2163,1.0,0.0,1.0,0.0,1.0,0.0,0.0,0.0,1.0,0.0,0.0
294,0,24.0,0,0,8.85,1,0,349236,0.0,0.0,0.0,1.0,0.0,0.0,1.0,1.0,0.0,0.0,0.0
295,0,24.0,0,0,7.8958,1,0,349233,1.0,0.0,0.0,1.0,0.0,0.0,1.0,0.0,1.0,0.0,0.0
296,0,0.0,0,0,27.7208,1,1,17612,1.0,1.0,0.0,0.0,1.0,0.0,0.0,0.0,1.0,0.0,0.0
297,0,23.5,0,0,7.2292,1,0,2693,1.0,0.0,0.0,1.0,1.0,0.0,0.0,0.0,1.0,0.0,0.0
298,0,2.0,1,2,151.55,0,0,113781,0.0,1.0,0.0,0.0,0.0,0.0,1.0,1.0,0.0,0.0,0.0
299,1,0.0,0,0,30.5,0,1,19988,1.0,1.0,0.0,0.0,0.0,0.0,1.0,0.0,1.0,0.0,0.0
300,1,50.0,0,1,247.5208,0,0,17558,0.0,1.0,0.0,0.0,1.0,0.0,0.0,0.0,0.0,1.0,0.0
301,1,0.0,0,0,7.75,1,1,9234,0.0,0.0,0.0,1.0,0.0,1.0,0.0,1.0,0.0,0.0,0.0
302,1,0.0,2,0,23.25,1,1,367226,1.0,0.0,0.0,1.0,0.0,1.0,0.0,0.0,1.0,0.0,0.0
303,0,19.0,0,0,0.0,1,0,0,1.0,0.0,0.0,1.0,0.0,0.0,1.0,0.0,1.0,0.0,0.0
304,1,0.0,0,0,12.35,0,1,226593,0.0,0.0,1.0,0.0,0.0,1.0,0.0,1.0,0.0,0.0,0.0
305,0,0.0,0,0,8.05,1,1,2466,1.0,0.0,0.0,1.0,0.0,0.0,1.0,0.0,1.0,0.0,0.0
306,1,0.92,1,2,151.55,0,0,113781,1.0,1.0,0.0,0.0,0.0,0.0,1.0,0.0,0.0,0.0,1.0
307,1,0.0,0,0,110.8833,1,1,17421,0.0,1.0,0.0,0.0,1.0,0.0,0.0,1.0,0.0,0.0,0.0
308,1,17.0,1,0,108.9,0,0,17758,0.0,1.0,0.0,0.0,1.0,0.0,0.0,0.0,0.0,1.0,0.0
309,0,30.0,1,0,24.0,1,0,3381,1.0,0.0,1.0,0.0,1.0,0.0,0.0,0.0,1.0,0.0,0.0
310,1,30.0,0,0,56.9292,0,0,17485,0.0,1.0,0.0,0.0,1.0,0.0,0.0,1.0,0.0,0.0,0.0
311,1,24.0,0,0,83.1583,0,0,11767,0.0,1.0,0.0,0.0,1.0,0.0,0.0,1.0,0.0,0.0,0.0
312,1,18.0,2,2,262.375,0,0,17608,0.0,1.0,0.0,0.0,1.0,0.0,0.0,1.0,0.0,0.0,0.0
313,0,26.0,1,1,26.0,1,0,250651,0.0,0.0,1.0,0.0,0.0,0.0,1.0,0.0,0.0,1.0,0.0
314,0,28.0,0,0,7.8958,1,0,349243,1.0,0.0,0.0,1.0,0.0,0.0,1.0,0.0,1.0,0.0,0.0
315,0,43.0,1,1,26.25,1,0,13529,1.0,0.0,1.0,0.0,0.0,0.0,1.0,0.0,1.0,0.0,0.0
316,1,26.0,0,0,7.8542,1,0,347470,0.0,0.0,0.0,1.0,0.0,0.0,1.0,1.0,0.0,0.0,0.0
317,1,24.0,1,0,26.0,1,0,244367,0.0,0.0,1.0,0.0,0.0,0.0,1.0,0.0,0.0,1.0,0.0
318,0,54.0,0,0,14.0,1,0,29011,1.0,0.0,1.0,0.0,0.0,0.0,1.0,0.0,0.0,0.0,1.0
319,1,31.0,0,2,164.8667,0,0,36928,0.0,1.0,0.0,0.0,0.0,0.0,1.0,1.0,0.0,0.0,0.0
320,1,40.0,1,1,134.5,0,0,16966,0.0,1.0,0.0,0.0,1.0,0.0,0.0,0.0,0.0,1.0,0.0
321,0,22.0,0,0,7.25,1,0,21172,1.0,0.0,0.0,1.0,0.0,0.0,1.0,0.0,1.0,0.0,0.0
322,0,27.0,0,0,7.8958,1,0,349219,1.0,0.0,0.0,1.0,0.0,0.0,1.0,0.0,1.0,0.0,0.0
323,1,30.0,0,0,12.35,1,0,234818,0.0,0.0,1.0,0.0,0.0,1.0,0.0,1.0,0.0,0.0,0.0
324,1,22.0,1,1,29.0,1,0,248738,0.0,0.0,1.0,0.0,0.0,0.0,1.0,0.0,0.0,1.0,0.0
325,0,0.0,8,2,69.55,1,1,2343,1.0,0.0,0.0,1.0,0.0,0.0,1.0,0.0,1.0,0.0,0.0
326,1,36.0,0,0,135.6333,0,0,17760,0.0,1.0,0.0,0.0,1.0,0.0,0.0,1.0,0.0,0.0,0.0
327,0,61.0,0,0,6.2375,1,0,345364,1.0,0.0,0.0,1.0,0.0,0.0,1.0,0.0,1.0,0.0,0.0
328,1,36.0,0,0,13.0,0,0,28551,0.0,0.0,1.0,0.0,0.0,0.0,1.0,0.0,0.0,1.0,0.0
329,1,31.0,1,1,20.525,1,0,363291,0.0,0.0,0.0,1.0,0.0,0.0,1.0,0.0,0.0,1.0,0.0
330,1,16.0,0,1,57.9792,0,0,111361,0.0,1.0,0.0,0.0,1.0,0.0,0.0,1.0,0.0,0.0,0.0
331,1,0.0,2,0,23.25,1,1,367226,0.0,0.0,0.0,1.0,0.0,1.0,0.0,1.0,0.0,0.0,0.0
332,0,45.5,0,0,28.5,0,0,113043,1.0,1.0,0.0,0.0,0.0,0.0,1.0,0.0,1.0,0.0,0.0
333,0,38.0,0,1,153.4625,0,0,17582,1.0,1.0,0.0,0.0,0.0,0.0,1.0,0.0,1.0,0.0,0.0
334,0,16.0,2,0,18.0,1,0,345764,1.0,0.0,0.0,1.0,0.0,0.0,1.0,0.0,1.0,0.0,0.0
335,1,0.0,1,0,133.65,1,1,17611,0.0,1.0,0.0,0.0,0.0,0.0,1.0,0.0,0.0,1.0,0.0
336,0,0.0,0,0,7.8958,1,1,349225,1.0,0.0,0.0,1.0,0.0,0.0,1.0,0.0,1.0,0.0,0.0
337,0,29.0,1,0,66.6,0,0,113776,1.0,1.0,0.0,0.0,0.0,0.0,1.0,0.0,1.0,0.0,0.0
338,1,41.0,0,0,134.5,0,0,16966,0.0,1.0,0.0,0.0,1.0,0.0,0.0,1.0,0.0,0.0,0.0
339,1,45.0,0,0,8.05,1,0,7598,1.0,0.0,0.0,1.0,0.0,0.0,1.0,0.0,1.0,0.0,0.0
340,0,45.0,0,0,35.5,0,0,113784,1.0,1.0,0.0,0.0,0.0,0.0,1.0,0.0,1.0,0.0,0.0
341,1,2.0,1,1,26.0,0,0,230080,1.0,0.0,1.0,0.0,0.0,0.0,1.0,0.0,0.0,0.0,1.0
342,1,24.0,3,2,263.0,0,0,19950,0.0,1.0,0.0,0.0,0.0,0.0,1.0,1.0,0.0,0.0,0.0
343,0,28.0,0,0,13.0,1,0,248740,1.0,0.0,1.0,0.0,0.0,0.0,1.0,0.0,1.0,0.0,0.0
344,0,25.0,0,0,13.0,1,0,244361,1.0,0.0,1.0,0.0,0.0,0.0,1.0,0.0,1.0,0.0,0.0
345,0,36.0,0,0,13.0,1,0,229236,1.0,0.0,1.0,0.0,0.0,0.0,1.0,0.0,1.0,0.0,0.0
346,1,24.0,0,0,13.0,0,0,248733,0.0,0.0,1.0,0.0,0.0,0.0,1.0,1.0,0.0,0.0,0.0
347,1,40.0,0,0,13.0,1,0,31418,0.0,0.0,1.0,0.0,0.0,0.0,1.0,1.0,0.0,0.0,0.0
348,1,0.0,1,0,16.1,1,1,386525,0.0,0.0,0.0,1.0,0.0,0.0,1.0,0.0,0.0,1.0,0.0
349,1,3.0,1,1,15.9,1,0,37671,1.0,0.0,0.0,1.0,0.0,0.0,1.0,0.0,0.0,0.0,1.0
350,0,42.0,0,0,8.6625,1,0,315088,1.0,0.0,0.0,1.0,0.0,0.0,1.0,0.0,1.0,0.0,0.0
351,0,23.0,0,0,9.225,1,0,7267,1.0,0.0,0.0,1.0,0.0,0.0,1.0,0.0,1.0,0.0,0.0
352,0,0.0,0,0,35.0,0,1,113510,1.0,1.0,0.0,0.0,0.0,0.0,1.0,0.0,1.0,0.0,0.0
353,0,15.0,1,1,7.2292,1,0,2695,1.0,0.0,0.0,1.0,1.0,0.0,0.0,0.0,1.0,0.0,0.0
354,0,25.0,1,0,17.8,1,0,349237,1.0,0.0,0.0,1.0,0.0,0.0,1.0,0.0,1.0,0.0,0.0
355,0,0.0,0,0,7.225,1,1,2647,1.0,0.0,0.0,1.0,1.0,0.0,0.0,0.0,1.0,0.0,0.0
356,0,28.0,0,0,9.5,1,0,345783,1.0,0.0,0.0,1.0,0.0,0.0,1.0,0.0,1.0,0.0,0.0
357,1,22.0,0,1,55.0,0,0,113505,0.0,1.0,0.0,0.0,0.0,0.0,1.0,1.0,0.0,0.0,0.0
358,0,38.0,0,0,13.0,1,0,237671,0.0,0.0,1.0,0.0,0.0,0.0,1.0,1.0,0.0,0.0,0.0
359,1,0.0,0,0,7.8792,1,1,330931,0.0,0.0,0.0,1.0,0.0,1.0,0.0,1.0,0.0,0.0,0.0
360,1,0.0,0,0,7.8792,1,1,330980,0.0,0.0,0.0,1.0,0.0,1.0,0.0,1.0,0.0,0.0,0.0
361,0,40.0,1,4,27.9,1,0,347088,1.0,0.0,0.0,1.0,0.0,0.0,1.0,0.0,1.0,0.0,0.0
362,0,29.0,1,0,27.7208,1,0,2167,1.0,0.0,1.0,0.0,1.0,0.0,0.0,0.0,1.0,0.0,0.0
363,0,45.0,0,1,14.4542,1,0,2691,0.0,0.0,0.0,1.0,1.0,0.0,0.0,0.0,0.0,1.0,0.0
364,0,35.0,0,0,7.05,1,0,3101310,1.0,0.0,0.0,1.0,0.0,0.0,1.0,0.0,1.0,0.0,0.0
365,0,0.0,1,0,15.5,1,1,370365,1.0,0.0,0.0,1.0,0.0,1.0,0.0,0.0,1.0,0.0,0.0
366,0,30.0,0,0,7.25,1,0,7076,1.0,0.0,0.0,1.0,0.0,0.0,1.0,0.0,1.0,0.0,0.0
367,1,60.0,1,0,75.25,0,0,110813,0.0,1.0,0.0,0.0,1.0,0.0,0.0,0.0,0.0,1.0,0.0
368,1,0.0,0,0,7.2292,1,1,2626,0.0,0.0,0.0,1.0,1.0,0.0,0.0,0.0,0.0,1.0,0.0
369,1,0.0,0,0,7.75,1,1,14313,0.0,0.0,0.0,1.0,0.0,1.0,0.0,1.0,0.0,0.0,0.0
370,1,24.0,0,0,69.3,0,0,17477,0.0,1.0,0.0,0.0,1.0,0.0,0.0,0.0,0.0,0.0,1.0
371,1,25.0,1,0,55.4417,0,0,11765,1.0,1.0,0.0,0.0,1.0,0.0,0.0,0.0,1.0,0.0,0.0
372,0,18.0,1,0,6.4958,1,0,3101267,1.0,0.0,0.0,1.0,0.0,0.0,1.0,0.0,1.0,0.0,0.0
373,0,19.0,0,0,8.05,1,0,323951,1.0,0.0,0.0,1.0,0.0,0.0,1.0,0.0,1.0,0.0,0.0
374,0,22.0,0,0,135.6333,1,0,17760,1.0,1.0,0.0,0.0,1.0,0.0,0.0,0.0,1.0,0.0,0.0
375,0,3.0,3,1,21.075,1,0,349909,0.0,0.0,0.0,1.0,0.0,0.0,1.0,1.0,0.0,0.0,0.0
376,1,0.0,1,0,82.1708,1,1,17604,0.0,1.0,0.0,0.0,1.0,0.0,0.0,0.0,0.0,1.0,0.0
377,1,22.0,0,0,7.25,1,0,7077,0.0,0.0,0.0,1.0,0.0,0.0,1.0,1.0,0.0,0.0,0.0
378,0,27.0,0,2,211.5,0,0,113503,1.0,1.0,0.0,0.0,1.0,0.0,0.0,0.0,1.0,0.0,0.0
379,0,20.0,0,0,4.0125,1,0,2648,1.0,0.0,0.0,1.0,1.0,0.0,0.0,0.0,1.0,0.0,0.0
380,0,19.0,0,0,7.775,1,0,347069,1.0,0.0,0.0,1.0,0.0,0.0,1.0,0.0,1.0,0.0,0.0
381,1,42.0,0,0,227.525,1,0,17757,0.0,1.0,0.0,0.0,1.0,0.0,0.0,1.0,0.0,0.0,0.0
382,1,1.0,0,2,15.7417,1,0,2653,0.0,0.0,0.0,1.0,1.0,0.0,0.0,1.0,0.0,0.0,0.0
383,0,32.0,0,0,7.925,1,0,3101293,1.0,0.0,0.0,1.0,0.0,0.0,1.0,0.0,1.0,0.0,0.0
384,1,35.0,1,0,52.0,1,0,113789,0.0,1.0,0.0,0.0,0.0,0.0,1.0,0.0,0.0,1.0,0.0
385,0,0.0,0,0,7.8958,1,1,349227,1.0,0.0,0.0,1.0,0.0,0.0,1.0,0.0,1.0,0.0,0.0
386,0,18.0,0,0,73.5,1,0,14879,1.0,0.0,1.0,0.0,0.0,0.0,1.0,0.0,1.0,0.0,0.0
387,0,1.0,5,2,46.9,1,0,2144,1.0,0.0,0.0,1.0,0.0,0.0,1.0,0.0,0.0,0.0,1.0
388,1,36.0,0,0,13.0,1,0,27849,0.0,0.0,1.0,0.0,0.0,0.0,1.0,1.0,0.0,0.0,0.0
389,0,0.0,0,0,7.7292,1,1,367655,1.0,0.0,0.0,1.0,0.0,1.0,0.0,0.0,1.0,0.0,0.0
390,1,17.0,0,0,12.0,1,0,1748,0.0,0.0,1.0,0.0,1.0,0.0,0.0,1.0,0.0,0.0,0.0
391,1,36.0,1,2,120.0,0,0,113760,1.0,1.0,0.0,0.0,0.0,0.0,1.0,0.0,1.0,0.0,0.0
392,1,21.0,0,0,7.7958,1,0,350034,1.0,0.0,0.0,1.0,0.0,0.0,1.0,0.0,1.0,0.0,0.0
393,0,28.0,2,0,7.925,1,0,3101277,1.0,0.0,0.0,1.0,0.0,0.0,1.0,0.0,1.0,0.0,0.0
394,1,23.0,1,0,113.275,0,0,35273,0.0,1.0,0.0,0.0,1.0,0.0,0.0,1.0,0.0,0.0,0.0
395,1,24.0,0,2,16.7,0,0,9549,0.0,0.0,0.0,1.0,0.0,0.0,1.0,0.0,0.0,1.0,0.0
396,0,22.0,0,0,7.7958,1,0,350052,1.0,0.0,0.0,1.0,0.0,0.0,1.0,0.0,1.0,0.0,0.0
397,0,31.0,0,0,7.8542,1,0,350407,0.0,0.0,0.0,1.0,0.0,0.0,1.0,1.0,0.0,0.0,0.0
398,0,46.0,0,0,26.0,1,0,28403,1.0,0.0,1.0,0.0,0.0,0.0,1.0,0.0,1.0,0.0,0.0
399,0,23.0,0,0,10.5,1,0,244278,1.0,0.0,1.0,0.0,0.0,0.0,1.0,0.0,0.0,0.0,1.0
400,1,28.0,0,0,12.65,1,0,240929,0.0,0.0,1.0,0.0,0.0,0.0,1.0,0.0,0.0,1.0,0.0
401,1,39.0,0,0,7.925,1,0,3101289,1.0,0.0,0.0,1.0,0.0,0.0,1.0,0.0,1.0,0.0,0.0
402,0,26.0,0,0,8.05,1,0,341826,1.0,0.0,0.0,1.0,0.0,0.0,1.0,0.0,1.0,0.0,0.0
403,0,21.0,1,0,9.825,1,0,4137,0.0,0.0,0.0,1.0,0.0,0.0,1.0,1.0,0.0,0.0,0.0
404,0,28.0,1,0,15.85,1,0,3101279,1.0,0.0,0.0,1.0,0.0,0.0,1.0,0.0,1.0,0.0,0.0
405,0,20.0,0,0,8.6625,1,0,315096,0.0,0.0,0.0,1.0,0.0,0.0,1.0,1.0,0.0,0.0,0.0
406,0,34.0,1,0,21.0,1,0,28664,1.0,0.0,1.0,0.0,0.0,0.0,1.0,0.0,1.0,0.0,0.0
407,0,51.0,0,0,7.75,1,0,347064,1.0,0.0,0.0,1.0,0.0,0.0,1.0,0.0,1.0,0.0,0.0
408,1,3.0,1,1,18.75,1,0,29106,1.0,0.0,1.0,0.0,0.0,0.0,1.0,0.0,0.0,0.0,1.0
409,0,21.0,0,0,7.775,1,0,312992,1.0,0.0,0.0,1.0,0.0,0.0,1.0,0.0,1.0,0.0,0.0
410,0,0.0,3,1,25.4667,1,1,4133,0.0,0.0,0.0,1.0,0.0,0.0,1.0,1.0,0.0,0.0,0.0
411,0,0.0,0,0,7.8958,1,1,349222,1.0,0.0,0.0,1.0,0.0,0.0,1.0,0.0,1.0,0.0,0.0
412,0,0.0,0,0,6.8583,1,1,394140,1.0,0.0,0.0,1.0,0.0,1.0,0.0,0.0,1.0,0.0,0.0
413,1,33.0,1,0,90.0,0,0,19928,0.0,1.0,0.0,0.0,0.0,1.0,0.0,1.0,0.0,0.0,0.0
414,0,0.0,0,0,0.0,1,1,239853,1.0,0.0,1.0,0.0,0.0,0.0,1.0,0.0,1.0,0.0,0.0
415,1,44.0,0,0,7.925,1,0,3101269,1.0,0.0,0.0,1.0,0.0,0.0,1.0,0.0,1.0,0.0,0.0
416,0,0.0,0,0,8.05,1,1,343095,0.0,0.0,0.0,1.0,0.0,0.0,1.0,0.0,0.0,1.0,0.0
417,1,34.0,1,1,32.5,1,0,28220,0.0,0.0,1.0,0.0,0.0,0.0,1.0,0.0,0.0,1.0,0.0
418,1,18.0,0,2,13.0,1,0,250652,0.0,0.0,1.0,0.0,0.0,0.0,1.0,1.0,0.0,0.0,0.0
419,0,30.0,0,0,13.0,1,0,28228,1.0,0.0,1.0,0.0,0.0,0.0,1.0,0.0,1.0,0.0,0.0
420,0,10.0,0,2,24.15,1,0,345773,0.0,0.0,0.0,1.0,0.0,0.0,1.0,1.0,0.0,0.0,0.0
421,0,0.0,0,0,7.8958,1,1,349254,1.0,0.0,0.0,1.0,1.0,0.0,0.0,0.0,1.0,0.0,0.0
422,0,21.0,0,0,7.7333,1,0,13032,1.0,0.0,0.0,1.0,0.0,1.0,0.0,0.0,1.0,0.0,0.0
423,0,29.0,0,0,7.875,1,0,315082,1.0,0.0,0.0,1.0,0.0,0.0,1.0,0.0,1.0,0.0,0.0
424,0,28.0,1,1,14.4,1,0,347080,0.0,0.0,0.0,1.0,0.0,0.0,1.0,0.0,0.0,1.0,0.0
425,0,18.0,1,1,20.2125,1,0,370129,1.0,0.0,0.0,1.0,0.0,0.0,1.0,0.0,1.0,0.0,0.0
426,0,0.0,0,0,7.25,1,1,34244,1.0,0.0,0.0,1.0,0.0,0.0,1.0,0.0,1.0,0.0,0.0
427,1,28.0,1,0,26.0,1,0,2003,0.0,0.0,1.0,0.0,0.0,0.0,1.0,0.0,0.0,1.0,0.0
428,1,19.0,0,0,26.0,1,0,250655,0.0,0.0,1.0,0.0,0.0,0.0,1.0,1.0,0.0,0.0,0.0
429,0,0.0,0,0,7.75,1,1,364851,1.0,0.0,0.0,1.0,0.0,1.0,0.0,0.0,1.0,0.0,0.0
430,1,32.0,0,0,8.05,0,0,392078,1.0,0.0,0.0,1.0,0.0,0.0,1.0,0.0,1.0,0.0,0.0
431,1,28.0,0,0,26.55,0,0,110564,1.0,1.0,0.0,0.0,0.0,0.0,1.0,0.0,1.0,0.0,0.0
432,1,0.0,1,0,16.1,1,1,376564,0.0,0.0,0.0,1.0,0.0,0.0,1.0,0.0,0.0,1.0,0.0
433,1,42.0,1,0,26.0,1,0,3085,0.0,0.0,1.0,0.0,0.0,0.0,1.0,0.0,0.0,1.0,0.0
434,0,17.0,0,0,7.125,1,0,3101274,1.0,0.0,0.0,1.0,0.0,0.0,1.0,0.0,1.0,0.0,0.0
435,0,50.0,1,0,55.9,0,0,13507,1.0,1.0,0.0,0.0,0.0,0.0,1.0,0.0,1.0,0.0,0.0
436,1,14.0,1,2,120.0,0,0,113760,0.0,1.0,0.0,0.0,0.0,0.0,1.0,1.0,0.0,0.0,0.0
437,0,21.0,2,2,34.375,1,0,6608,0.0,0.0,0.0,1.0,0.0,0.0,1.0,1.0,0.0,0.0,0.0
438,1,24.0,2,3,18.75,1,0,29106,0.0,0.0,1.0,0.0,0.0,0.0,1.0,0.0,0.0,1.0,0.0
439,0,64.0,1,4,263.0,0,0,19950,1.0,1.0,0.0,0.0,0.0,0.0,1.0,0.0,1.0,0.0,0.0
440,0,31.0,0,0,10.5,1,0,18723,1.0,0.0,1.0,0.0,0.0,0.0,1.0,0.0,1.0,0.0,0.0
441,1,45.0,1,1,26.25,1,0,13529,0.0,0.0,1.0,0.0,0.0,0.0,1.0,0.0,0.0,1.0,0.0
442,0,20.0,0,0,9.5,1,0,345769,1.0,0.0,0.0,1.0,0.0,0.0,1.0,0.0,1.0,0.0,0.0
443,0,25.0,1,0,7.775,1,0,347076,1.0,0.0,0.0,1.0,0.0,0.0,1.0,0.0,1.0,0.0,0.0
444,1,28.0,0,0,13.0,1,0,230434,0.0,0.0,1.0,0.0,0.0,0.0,1.0,0.0,0.0,0.0,1.0
445,1,0.0,0,0,8.1125,1,1,65306,1.0,0.0,0.0,1.0,0.0,0.0,1.0,0.0,1.0,0.0,0.0
446,1,4.0,0,2,81.8583,0,0,33638,1.0,1.0,0.0,0.0,0.0,0.0,1.0,0.0,0.0,0.0,1.0
447,1,13.0,0,1,19.5,1,0,250644,0.0,0.0,1.0,0.0,0.0,0.0,1.0,1.0,0.0,0.0,0.0
448,1,34.0,0,0,26.55,1,0,113794,1.0,1.0,0.0,0.0,0.0,0.0,1.0,0.0,1.0,0.0,0.0
449,1,5.0,2,1,19.2583,1,0,2666,0.0,0.0,0.0,1.0,1.0,0.0,0.0,1.0,0.0,0.0,0.0
450,1,52.0,0,0,30.5,0,0,113786,1.0,1.0,0.0,0.0,0.0,0.0,1.0,0.0,0.0,0.0,1.0
451,0,36.0,1,2,27.75,1,0,34651,1.0,0.0,1.0,0.0,0.0,0.0,1.0,0.0,1.0,0.0,0.0
452,0,0.0,1,0,19.9667,1,1,65303,1.0,0.0,0.0,1.0,0.0,0.0,1.0,0.0,1.0,0.0,0.0
453,0,30.0,0,0,27.75,0,0,113051,1.0,1.0,0.0,0.0,1.0,0.0,0.0,0.0,1.0,0.0,0.0
454,1,49.0,1,0,89.1042,0,0,17453,1.0,1.0,0.0,0.0,1.0,0.0,0.0,0.0,1.0,0.0,0.0
455,0,0.0,0,0,8.05,1,1,2817,1.0,0.0,0.0,1.0,0.0,0.0,1.0,0.0,1.0,0.0,0.0
456,1,29.0,0,0,7.8958,1,0,349240,1.0,0.0,0.0,1.0,1.0,0.0,0.0,0.0,1.0,0.0,0.0
457,0,65.0,0,0,26.55,0,0,13509,1.0,1.0,0.0,0.0,0.0,0.0,1.0,0.0,1.0,0.0,0.0
458,1,0.0,1,0,51.8625,0,1,17464,0.0,1.0,0.0,0.0,0.0,0.0,1.0,0.0,0.0,1.0,0.0
459,1,50.0,0,0,10.5,1,0,13531,0.0,0.0,1.0,0.0,0.0,0.0,1.0,1.0,0.0,0.0,0.0
460,0,0.0,0,0,7.75,1,1,371060,1.0,0.0,0.0,1.0,0.0,1.0,0.0,0.0,1.0,0.0,0.0
461,1,48.0,0,0,26.55,0,0,19952,1.0,1.0,0.0,0.0,0.0,0.0,1.0,0.0,1.0,0.0,0.0
462,0,34.0,0,0,8.05,1,0,364506,1.0,0.0,0.0,1.0,0.0,0.0,1.0,0.0,1.0,0.0,0.0
463,0,47.0,0,0,38.5,0,0,111320,1.0,1.0,0.0,0.0,0.0,0.0,1.0,0.0,1.0,0.0,0.0
464,0,48.0,0,0,13.0,1,0,234360,1.0,0.0,1.0,0.0,0.0,0.0,1.0,0.0,1.0,0.0,0.0
465,0,0.0,0,0,8.05,1,1,2816,1.0,0.0,0.0,1.0,0.0,0.0,1.0,0.0,1.0,0.0,0.0
466,0,38.0,0,0,7.05,1,0,3101306,1.0,0.0,0.0,1.0,0.0,0.0,1.0,0.0,1.0,0.0,0.0
467,0,0.0,0,0,0.0,1,1,239853,1.0,0.0,1.0,0.0,0.0,0.0,1.0,0.0,1.0,0.0,0.0
468,0,56.0,0,0,26.55,1,0,113792,1.0,1.0,0.0,0.0,0.0,0.0,1.0,0.0,1.0,0.0,0.0
469,0,0.0,0,0,7.725,1,1,36209,1.0,0.0,0.0,1.0,0.0,1.0,0.0,0.0,1.0,0.0,0.0
470,1,0.75,2,1,19.2583,1,0,2666,0.0,0.0,0.0,1.0,1.0,0.0,0.0,1.0,0.0,0.0,0.0
471,0,0.0,0,0,7.25,1,1,323592,1.0,0.0,0.0,1.0,0.0,0.0,1.0,0.0,1.0,0.0,0.0
472,0,38.0,0,0,8.6625,1,0,315089,1.0,0.0,0.0,1.0,0.0,0.0,1.0,0.0,1.0,0.0,0.0
473,1,33.0,1,2,27.75,1,0,34651,0.0,0.0,1.0,0.0,0.0,0.0,1.0,0.0,0.0,1.0,0.0
474,1,23.0,0,0,13.7917,0,0,541,0.0,0.0,1.0,0.0,1.0,0.0,0.0,0.0,0.0,1.0,0.0
475,0,22.0,0,0,9.8375,1,0,7553,0.0,0.0,0.0,1.0,0.0,0.0,1.0,1.0,0.0,0.0,0.0
476,0,0.0,0,0,52.0,0,1,110465,1.0,1.0,0.0,0.0,0.0,0.0,1.0,0.0,1.0,0.0,0.0
477,0,34.0,1,0,21.0,1,0,31027,1.0,0.0,1.0,0.0,0.0,0.0,1.0,0.0,1.0,0.0,0.0
478,0,29.0,1,0,7.0458,1,0,3460,1.0,0.0,0.0,1.0,0.0,0.0,1.0,0.0,1.0,0.0,0.0
479,0,22.0,0,0,7.5208,1,0,350060,1.0,0.0,0.0,1.0,0.0,0.0,1.0,0.0,1.0,0.0,0.0
480,1,2.0,0,1,12.2875,1,0,3101298,0.0,0.0,0.0,1.0,0.0,0.0,1.0,1.0,0.0,0.0,0.0
481,0,9.0,5,2,46.9,1,0,2144,1.0,0.0,0.0,1.0,0.0,0.0,1.0,0.0,0.0,0.0,1.0
482,0,0.0,0,0,0.0,1,1,239854,1.0,0.0,1.0,0.0,0.0,0.0,1.0,0.0,1.0,0.0,0.0
483,0,50.0,0,0,8.05,1,0,3594,1.0,0.0,0.0,1.0,0.0,0.0,1.0,0.0,1.0,0.0,0.0
484,1,63.0,0,0,9.5875,1,0,4134,0.0,0.0,0.0,1.0,0.0,0.0,1.0,0.0,0.0,1.0,0.0
485,1,25.0,1,0,91.0792,0,0,11967,1.0,1.0,0.0,0.0,1.0,0.0,0.0,0.0,1.0,0.0,0.0
486,0,0.0,3,1,25.4667,1,1,4133,0.0,0.0,0.0,1.0,0.0,0.0,1.0,1.0,0.0,0.0,0.0
487,1,35.0,1,0,90.0,0,0,19943,0.0,1.0,0.0,0.0,0.0,0.0,1.0,0.0,0.0,1.0,0.0
488,0,58.0,0,0,29.7,0,0,11771,1.0,1.0,0.0,0.0,1.0,0.0,0.0,0.0,1.0,0.0,0.0
489,0,30.0,0,0,8.05,1,0,18509,1.0,0.0,0.0,1.0,0.0,0.0,1.0,0.0,1.0,0.0,0.0
490,1,9.0,1,1,15.9,1,0,37671,1.0,0.0,0.0,1.0,0.0,0.0,1.0,0.0,0.0,0.0,1.0
491,0,0.0,1,0,19.9667,1,1,65304,1.0,0.0,0.0,1.0,0.0,0.0,1.0,0.0,1.0,0.0,0.0
492,0,21.0,0,0,7.25,1,0,3101317,1.0,0.0,0.0,1.0,0.0,0.0,1.0,0.0,1.0,0.0,0.0
493,0,55.0,0,0,30.5,0,0,113787,1.0,1.0,0.0,0.0,0.0,0.0,1.0,0.0,1.0,0.0,0.0
494,0,71.0,0,0,49.5042,1,0,17609,1.0,1.0,0.0,0.0,1.0,0.0,0.0,0.0,1.0,0.0,0.0
495,0,21.0,0,0,8.05,1,0,45380,1.0,0.0,0.0,1.0,0.0,0.0,1.0,0.0,1.0,0.0,0.0
496,0,0.0,0,0,14.4583,1,1,2627,1.0,0.0,0.0,1.0,1.0,0.0,0.0,0.0,1.0,0.0,0.0
497,1,54.0,1,0,78.2667,0,0,36947,0.0,1.0,0.0,0.0,1.0,0.0,0.0,1.0,0.0,0.0,0.0
498,0,0.0,0,0,15.1,1,1,6212,1.0,0.0,0.0,1.0,0.0,0.0,1.0,0.0,1.0,0.0,0.0
499,0,25.0,1,2,151.55,0,0,113781,0.0,1.0,0.0,0.0,0.0,0.0,1.0,0.0,0.0,1.0,0.0
500,0,24.0,0,0,7.7958,1,0,350035,1.0,0.0,0.0,1.0,0.0,0.0,1.0,0.0,1.0,0.0,0.0
501,0,17.0,0,0,8.6625,1,0,315086,1.0,0.0,0.0,1.0,0.0,0.0,1.0,0.0,1.0,0.0,0.0
502,0,21.0,0,0,7.75,1,0,364846,0.0,0.0,0.0,1.0,0.0,1.0,0.0,1.0,0.0,0.0,0.0
503,0,0.0,0,0,7.6292,1,1,330909,0.0,0.0,0.0,1.0,0.0,1.0,0.0,1.0,0.0,0.0,0.0
504,0,37.0,0,0,9.5875,1,0,4135,0.0,0.0,0.0,1.0,0.0,0.0,1.0,1.0,0.0,0.0,0.0
505,1,16.0,0,0,86.5,0,0,110152,0.0,1.0,0.0,0.0,0.0,0.0,1.0,1.0,0.0,0.0,0.0
506,0,18.0,1,0,108.9,0,0,17758,1.0,1.0,0.0,0.0,1.0,0.0,0.0,0.0,1.0,0.0,0.0
507,1,33.0,0,2,26.0,1,0,26360,0.0,0.0,1.0,0.0,0.0,0.0,1.0,0.0,0.0,1.0,0.0
508,1,0.0,0,0,26.55,1,1,111427,1.0,1.0,0.0,0.0,0.0,0.0,1.0,0.0,1.0,0.0,0.0
509,0,28.0,0,0,22.525,1,0,4001,1.0,0.0,0.0,1.0,0.0,0.0,1.0,0.0,1.0,0.0,0.0
510,1,26.0,0,0,56.4958,1,0,1601,1.0,0.0,0.0,1.0,0.0,0.0,1.0,0.0,1.0,0.0,0.0
511,1,29.0,0,0,7.75,1,0,382651,1.0,0.0,0.0,1.0,0.0,1.0,0.0,0.0,1.0,0.0,0.0
512,0,0.0,0,0,8.05,1,1,3101316,1.0,0.0,0.0,1.0,0.0,0.0,1.0,0.0,1.0,0.0,0.0
513,1,36.0,0,0,26.2875,0,0,17473,1.0,1.0,0.0,0.0,0.0,0.0,1.0,0.0,1.0,0.0,0.0
514,1,54.0,1,0,59.4,1,0,17603,0.0,1.0,0.0,0.0,1.0,0.0,0.0,0.0,0.0,1.0,0.0
515,0,24.0,0,0,7.4958,1,0,349209,1.0,0.0,0.0,1.0,0.0,0.0,1.0,0.0,1.0,0.0,0.0
516,0,47.0,0,0,34.0208,0,0,36967,1.0,1.0,0.0,0.0,0.0,0.0,1.0,0.0,1.0,0.0,0.0
517,1,34.0,0,0,10.5,0,0,34260,0.0,0.0,1.0,0.0,0.0,0.0,1.0,0.0,0.0,1.0,0.0
518,0,0.0,0,0,24.15,1,1,371110,1.0,0.0,0.0,1.0,0.0,1.0,0.0,0.0,1.0,0.0,0.0
519,1,36.0,1,0,26.0,1,0,226875,0.0,0.0,1.0,0.0,0.0,0.0,1.0,0.0,0.0,1.0,0.0
520,0,32.0,0,0,7.8958,1,0,349242,1.0,0.0,0.0,1.0,0.0,0.0,1.0,0.0,1.0,0.0,0.0
521,1,30.0,0,0,93.5,0,0,12749,0.0,1.0,0.0,0.0,0.0,0.0,1.0,1.0,0.0,0.0,0.0
522,0,22.0,0,0,7.8958,1,0,349252,1.0,0.0,0.0,1.0,0.0,0.0,1.0,0.0,1.0,0.0,0.0
523,0,0.0,0,0,7.225,1,1,2624,1.0,0.0,0.0,1.0,1.0,0.0,0.0,0.0,1.0,0.0,0.0
524,1,44.0,0,1,57.9792,0,0,111361,0.0,1.0,0.0,0.0,1.0,0.0,0.0,0.0,0.0,1.0,0.0
525,0,0.0,0,0,7.2292,1,1,2700,1.0,0.0,0.0,1.0,1.0,0.0,0.0,0.0,1.0,0.0,0.0
526,0,40.5,0,0,7.75,1,0,367232,1.0,0.0,0.0,1.0,0.0,1.0,0.0,0.0,1.0,0.0,0.0
527,1,50.0,0,0,10.5,1,0,14258,0.0,0.0,1.0,0.0,0.0,0.0,1.0,1.0,0.0,0.0,0.0
528,0,0.0,0,0,221.7792,0,1,17483,1.0,1.0,0.0,0.0,0.0,0.0,1.0,0.0,1.0,0.0,0.0
529,0,39.0,0,0,7.925,1,0,3101296,1.0,0.0,0.0,1.0,0.0,0.0,1.0,0.0,1.0,0.0,0.0
530,0,23.0,2,1,11.5,1,0,29104,1.0,0.0,1.0,0.0,0.0,0.0,1.0,0.0,1.0,0.0,0.0
531,1,2.0,1,1,26.0,1,0,26360,0.0,0.0,1.0,0.0,0.0,0.0,1.0,1.0,0.0,0.0,0.0
532,0,0.0,0,0,7.2292,1,1,2641,1.0,0.0,0.0,1.0,1.0,0.0,0.0,0.0,1.0,0.0,0.0
533,0,17.0,1,1,7.2292,1,0,2690,1.0,0.0,0.0,1.0,1.0,0.0,0.0,0.0,1.0,0.0,0.0
534,1,0.0,0,2,22.3583,1,1,2668,0.0,0.0,0.0,1.0,1.0,0.0,0.0,0.0,0.0,1.0,0.0
535,0,30.0,0,0,8.6625,1,0,315084,0.0,0.0,0.0,1.0,0.0,0.0,1.0,1.0,0.0,0.0,0.0
536,1,7.0,0,2,26.25,1,0,13529,0.0,0.0,1.0,0.0,0.0,0.0,1.0,1.0,0.0,0.0,0.0
537,0,45.0,0,0,26.55,0,0,113050,1.0,1.0,0.0,0.0,0.0,0.0,1.0,0.0,0.0,0.0,1.0
538,1,30.0,0,0,106.425,1,0,17761,0.0,1.0,0.0,0.0,1.0,0.0,0.0,1.0,0.0,0.0,0.0
539,0,0.0,0,0,14.5,1,1,364498,1.0,0.0,0.0,1.0,0.0,0.0,1.0,0.0,1.0,0.0,0.0
540,1,22.0,0,2,49.5,0,0,13568,0.0,1.0,0.0,0.0,1.0,0.0,0.0,1.0,0.0,0.0,0.0
541,1,36.0,0,2,71.0,0,0,5735,0.0,1.0,0.0,0.0,0.0,0.0,1.0,1.0,0.0,0.0,0.0
542,0,9.0,4,2,31.275,1,0,347082,0.0,0.0,0.0,1.0,0.0,0.0,1.0,1.0,0.0,0.0,0.0
543,0,11.0,4,2,31.275,1,0,347082,0.0,0.0,0.0,1.0,0.0,0.0,1.0,1.0,0.0,0.0,0.0
544,1,32.0,1,0,26.0,1,0,2908,1.0,0.0,1.0,0.0,0.0,0.0,1.0,0.0,1.0,0.0,0.0
545,0,50.0,1,0,106.425,0,0,17761,1.0,1.0,0.0,0.0,1.0,0.0,0.0,0.0,1.0,0.0,0.0
546,0,64.0,0,0,26.0,1,0,693,1.0,1.0,0.0,0.0,0.0,0.0,1.0,0.0,1.0,0.0,0.0
547,1,19.0,1,0,26.0,1,0,2908,0.0,0.0,1.0,0.0,0.0,0.0,1.0,0.0,0.0,1.0,0.0
548,1,0.0,0,0,13.8625,1,1,2146,1.0,0.0,1.0,0.0,1.0,0.0,0.0,0.0,1.0,0.0,0.0
549,0,33.0,1,1,20.525,1,0,363291,1.0,0.0,0.0,1.0,0.0,0.0,1.0,0.0,1.0,0.0,0.0
550,1,8.0,1,1,36.75,1,0,33112,1.0,0.0,1.0,0.0,0.0,0.0,1.0,0.0,0.0,0.0,1.0
551,1,17.0,0,2,110.8833,0,0,17421,1.0,1.0,0.0,0.0,1.0,0.0,0.0,0.0,1.0,0.0,0.0
552,0,27.0,0,0,26.0,1,0,244358,1.0,0.0,1.0,0.0,0.0,0.0,1.0,0.0,1.0,0.0,0.0
553,0,0.0,0,0,7.8292,1,1,330979,1.0,0.0,0.0,1.0,0.0,1.0,0.0,0.0,1.0,0.0,0.0
554,1,22.0,0,0,7.225,1,0,2620,1.0,0.0,0.0,1.0,1.0,0.0,0.0,0.0,1.0,0.0,0.0
555,1,22.0,0,0,7.775,1,0,347085,0.0,0.0,0.0,1.0,0.0,0.0,1.0,1.0,0.0,0.0,0.0
556,0,62.0,0,0,26.55,1,0,113807,1.0,1.0,0.0,0.0,0.0,0.0,1.0,0.0,1.0,0.0,0.0
557,1,48.0,1,0,39.6,0,0,11755,0.0,1.0,0.0,0.0,1.0,0.0,0.0,0.0,0.0,0.0,1.0
558,0,0.0,0,0,227.525,1,1,17757,1.0,1.0,0.0,0.0,1.0,0.0,0.0,0.0,1.0,0.0,0.0
559,1,39.0,1,1,79.65,0,0,110413,0.0,1.0,0.0,0.0,0.0,0.0,1.0,0.0,0.0,1.0,0.0
560,1,36.0,1,0,17.4,1,0,345572,0.0,0.0,0.0,1.0,0.0,0.0,1.0,0.0,0.0,1.0,0.0
561,0,0.0,0,0,7.75,1,1,372622,1.0,0.0,0.0,1.0,0.0,1.0,0.0,0.0,1.0,0.0,0.0
562,0,40.0,0,0,7.8958,1,0,349251,1.0,0.0,0.0,1.0,0.0,0.0,1.0,0.0,1.0,0.0,0.0
563,0,28.0,0,0,13.5,1,0,218629,1.0,0.0,1.0,0.0,0.0,0.0,1.0,0.0,1.0,0.0,0.0
564,0,0.0,0,0,8.05,1,1,392082,1.0,0.0,0.0,1.0,0.0,0.0,1.0,0.0,1.0,0.0,0.0
565,0,0.0,0,0,8.05,1,1,392087,0.0,0.0,0.0,1.0,0.0,0.0,1.0,1.0,0.0,0.0,0.0
566,0,24.0,2,0,24.15,1,0,48871,1.0,0.0,0.0,1.0,0.0,0.0,1.0,0.0,1.0,0.0,0.0
567,0,19.0,0,0,7.8958,1,0,349205,1.0,0.0,0.0,1.0,0.0,0.0,1.0,0.0,1.0,0.0,0.0
568,0,29.0,0,4,21.075,1,0,349909,0.0,0.0,0.0,1.0,0.0,0.0,1.0,0.0,0.0,1.0,0.0
569,0,0.0,0,0,7.2292,1,1,2686,1.0,0.0,0.0,1.0,1.0,0.0,0.0,0.0,1.0,0.0,0.0
570,1,32.0,0,0,7.8542,1,0,350417,1.0,0.0,0.0,1.0,0.0,0.0,1.0,0.0,1.0,0.0,0.0
571,1,62.0,0,0,10.5,1,0,752,1.0,0.0,1.0,0.0,0.0,0.0,1.0,0.0,1.0,0.0,0.0
572,1,53.0,2,0,51.4792,0,0,11769,0.0,1.0,0.0,0.0,0.0,0.0,1.0,0.0,0.0,1.0,0.0
573,1,36.0,0,0,26.3875,0,0,17474,1.0,1.0,0.0,0.0,0.0,0.0,1.0,0.0,1.0,0.0,0.0
574,1,0.0,0,0,7.75,1,1,14312,0.0,0.0,0.0,1.0,0.0,1.0,0.0,1.0,0.0,0.0,0.0
575,0,16.0,0,0,8.05,1,0,20589,1.0,0.0,0.0,1.0,0.0,0.0,1.0,0.0,1.0,0.0,0.0
576,0,19.0,0,0,14.5,1,0,358585,1.0,0.0,0.0,1.0,0.0,0.0,1.0,0.0,1.0,0.0,0.0
577,1,34.0,0,0,13.0,1,0,243880,0.0,0.0,1.0,0.0,0.0,0.0,1.0,1.0,0.0,0.0,0.0
578,1,39.0,1,0,55.9,0,0,13507,0.0,1.0,0.0,0.0,0.0,0.0,1.0,0.0,0.0,1.0,0.0
579,0,0.0,1,0,14.4583,1,1,2689,0.0,0.0,0.0,1.0,1.0,0.0,0.0,0.0,0.0,1.0,0.0
580,1,32.0,0,0,7.925,1,0,3101286,1.0,0.0,0.0,1.0,0.0,0.0,1.0,0.0,1.0,0.0,0.0
581,1,25.0,1,1,30.0,1,0,237789,0.0,0.0,1.0,0.0,0.0,0.0,1.0,1.0,0.0,0.0,0.0
582,1,39.0,1,1,110.8833,0,0,17421,0.0,1.0,0.0,0.0,1.0,0.0,0.0,0.0,0.0,1.0,0.0
583,0,54.0,0,0,26.0,1,0,28403,1.0,0.0,1.0,0.0,0.0,0.0,1.0,0.0,1.0,0.0,0.0
584,0,36.0,0,0,40.125,0,0,13049,1.0,1.0,0.0,0.0,1.0,0.0,0.0,0.0,1.0,0.0,0.0
585,0,0.0,0,0,8.7125,1,1,3411,1.0,0.0,0.0,1.0,1.0,0.0,0.0,0.0,1.0,0.0,0.0
586,1,18.0,0,2,79.65,0,0,110413,0.0,1.0,0.0,0.0,0.0,0.0,1.0,1.0,0.0,0.0,0.0
587,0,47.0,0,0,15.0,1,0,237565,1.0,0.0,1.0,0.0,0.0,0.0,1.0,0.0,1.0,0.0,0.0
588,1,60.0,1,1,79.2,0,0,13567,1.0,1.0,0.0,0.0,1.0,0.0,0.0,0.0,1.0,0.0,0.0
589,0,22.0,0,0,8.05,1,0,14973,1.0,0.0,0.0,1.0,0.0,0.0,1.0,0.0,1.0,0.0,0.0
590,0,0.0,0,0,8.05,1,1,3235,1.0,0.0,0.0,1.0,0.0,0.0,1.0,0.0,1.0,0.0,0.0
591,0,35.0,0,0,7.125,1,0,3101273,1.0,0.0,0.0,1.0,0.0,0.0,1.0,0.0,1.0,0.0,0.0
592,1,52.0,1,0,78.2667,0,0,36947,0.0,1.0,0.0,0.0,1.0,0.0,0.0,0.0,0.0,1.0,0.0
593,0,47.0,0,0,7.25,1,0,3902,1.0,0.0,0.0,1.0,0.0,0.0,1.0,0.0,1.0,0.0,0.0
594,0,0.0,0,2,7.75,1,1,364848,0.0,0.0,0.0,1.0,0.0,1.0,0.0,1.0,0.0,0.0,0.0
595,0,37.0,1,0,26.0,1,0,29037,1.0,0.0,1.0,0.0,0.0,0.0,1.0,0.0,1.0,0.0,0.0
596,0,36.0,1,1,24.15,1,0,345773,1.0,0.0,0.0,1.0,0.0,0.0,1.0,0.0,1.0,0.0,0.0
597,1,0.0,0,0,33.0,1,1,248727,0.0,0.0,1.0,0.0,0.0,0.0,1.0,1.0,0.0,0.0,0.0
598,0,49.0,0,0,0.0,1,0,0,1.0,0.0,0.0,1.0,0.0,0.0,1.0,0.0,1.0,0.0,0.0
599,0,0.0,0,0,7.225,1,1,2664,1.0,0.0,0.0,1.0,1.0,0.0,0.0,0.0,1.0,0.0,0.0
600,1,49.0,1,0,56.9292,0,0,17485,1.0,1.0,0.0,0.0,1.0,0.0,0.0,0.0,0.0,0.0,1.0
601,1,24.0,2,1,27.0,1,0,243847,0.0,0.0,1.0,0.0,0.0,0.0,1.0,0.0,0.0,1.0,0.0
602,0,0.0,0,0,7.8958,1,1,349214,1.0,0.0,0.0,1.0,0.0,0.0,1.0,0.0,1.0,0.0,0.0
603,0,0.0,0,0,42.4,1,1,113796,1.0,1.0,0.0,0.0,0.0,0.0,1.0,0.0,1.0,0.0,0.0
604,0,44.0,0,0,8.05,1,0,364511,1.0,0.0,0.0,1.0,0.0,0.0,1.0,0.0,1.0,0.0,0.0
605,1,35.0,0,0,26.55,1,0,111426,1.0,1.0,0.0,0.0,1.0,0.0,0.0,0.0,1.0,0.0,0.0
606,0,36.0,1,0,15.55,1,0,349910,1.0,0.0,0.0,1.0,0.0,0.0,1.0,0.0,1.0,0.0,0.0
607,0,30.0,0,0,7.8958,1,0,349246,1.0,0.0,0.0,1.0,0.0,0.0,1.0,0.0,1.0,0.0,0.0
608,1,27.0,0,0,30.5,1,0,113804,1.0,1.0,0.0,0.0,0.0,0.0,1.0,0.0,1.0,0.0,0.0
609,1,22.0,1,2,41.5792,1,0,2123,0.0,0.0,1.0,0.0,1.0,0.0,0.0,0.0,0.0,1.0,0.0
610,1,40.0,0,0,153.4625,0,0,17582,0.0,1.0,0.0,0.0,0.0,0.0,1.0,1.0,0.0,0.0,0.0
611,0,39.0,1,5,31.275,1,0,347082,0.0,0.0,0.0,1.0,0.0,0.0,1.0,0.0,0.0,1.0,0.0
612,0,0.0,0,0,7.05,1,1,3101305,1.0,0.0,0.0,1.0,0.0,0.0,1.0,0.0,1.0,0.0,0.0
613,1,0.0,1,0,15.5,1,1,367230,0.0,0.0,0.0,1.0,0.0,1.0,0.0,1.0,0.0,0.0,0.0
614,0,0.0,0,0,7.75,1,1,370377,1.0,0.0,0.0,1.0,0.0,1.0,0.0,0.0,1.0,0.0,0.0
615,0,35.0,0,0,8.05,1,0,364512,1.0,0.0,0.0,1.0,0.0,0.0,1.0,0.0,1.0,0.0,0.0
616,1,24.0,1,2,65.0,1,0,220845,0.0,0.0,1.0,0.0,0.0,0.0,1.0,1.0,0.0,0.0,0.0
617,0,34.0,1,1,14.4,1,0,347080,1.0,0.0,0.0,1.0,0.0,0.0,1.0,0.0,1.0,0.0,0.0
618,0,26.0,1,0,16.1,1,0,3336,0.0,0.0,0.0,1.0,0.0,0.0,1.0,0.0,0.0,1.0,0.0
619,1,4.0,2,1,39.0,0,0,230136,0.0,0.0,1.0,0.0,0.0,0.0,1.0,1.0,0.0,0.0,0.0
620,0,26.0,0,0,10.5,1,0,31028,1.0,0.0,1.0,0.0,0.0,0.0,1.0,0.0,1.0,0.0,0.0
621,0,27.0,1,0,14.4542,1,0,2659,1.0,0.0,0.0,1.0,1.0,0.0,0.0,0.0,1.0,0.0,0.0
622,1,42.0,1,0,52.5542,0,0,11753,1.0,1.0,0.0,0.0,0.0,0.0,1.0,0.0,1.0,0.0,0.0
623,1,20.0,1,1,15.7417,1,0,2653,1.0,0.0,0.0,1.0,1.0,0.0,0.0,0.0,1.0,0.0,0.0
624,0,21.0,0,0,7.8542,1,0,350029,1.0,0.0,0.0,1.0,0.0,0.0,1.0,0.0,1.0,0.0,0.0
625,0,21.0,0,0,16.1,1,0,54636,1.0,0.0,0.0,1.0,0.0,0.0,1.0,0.0,1.0,0.0,0.0
626,0,61.0,0,0,32.3208,0,0,36963,1.0,1.0,0.0,0.0,0.0,0.0,1.0,0.0,1.0,0.0,0.0
627,0,57.0,0,0,12.35,1,0,219533,1.0,0.0,1.0,0.0,0.0,1.0,0.0,0.0,0.0,0.0,1.0
628,1,21.0,0,0,77.9583,0,0,13502,0.0,1.0,0.0,0.0,0.0,0.0,1.0,1.0,0.0,0.0,0.0
629,0,26.0,0,0,7.8958,1,0,349224,1.0,0.0,0.0,1.0,0.0,0.0,1.0,0.0,1.0,0.0,0.0
630,0,0.0,0,0,7.7333,1,1,334912,1.0,0.0,0.0,1.0,0.0,1.0,0.0,0.0,1.0,0.0,0.0
631,1,80.0,0,0,30.0,0,0,27042,1.0,1.0,0.0,0.0,0.0,0.0,1.0,0.0,1.0,0.0,0.0
632,0,51.0,0,0,7.0542,1,0,347743,1.0,0.0,0.0,1.0,0.0,0.0,1.0,0.0,1.0,0.0,0.0
633,1,32.0,0,0,30.5,0,0,13214,1.0,1.0,0.0,0.0,1.0,0.0,0.0,0.0,0.0,0.0,1.0
634,0,0.0,0,0,0.0,1,1,112052,1.0,1.0,0.0,0.0,0.0,0.0,1.0,0.0,1.0,0.0,0.0
635,0,9.0,3,2,27.9,1,0,347088,0.0,0.0,0.0,1.0,0.0,0.0,1.0,1.0,0.0,0.0,0.0
636,1,28.0,0,0,13.0,1,0,237668,0.0,0.0,1.0,0.0,0.0,0.0,1.0,1.0,0.0,0.0,0.0
637,0,32.0,0,0,7.925,1,0,3101292,1.0,0.0,0.0,1.0,0.0,0.0,1.0,0.0,1.0,0.0,0.0
638,0,31.0,1,1,26.25,1,0,31921,1.0,0.0,1.0,0.0,0.0,0.0,1.0,0.0,1.0,0.0,0.0
639,0,41.0,0,5,39.6875,1,0,3101295,0.0,0.0,0.0,1.0,0.0,0.0,1.0,0.0,0.0,1.0,0.0
640,0,0.0,1,0,16.1,1,1,376564,1.0,0.0,0.0,1.0,0.0,0.0,1.0,0.0,1.0,0.0,0.0
641,0,20.0,0,0,7.8542,1,0,350050,1.0,0.0,0.0,1.0,0.0,0.0,1.0,0.0,1.0,0.0,0.0
642,1,24.0,0,0,69.3,0,0,17477,0.0,1.0,0.0,0.0,1.0,0.0,0.0,0.0,0.0,0.0,1.0
643,0,2.0,3,2,27.9,1,0,347088,0.0,0.0,0.0,1.0,0.0,0.0,1.0,1.0,0.0,0.0,0.0
644,1,0.0,0,0,56.4958,1,1,1601,1.0,0.0,0.0,1.0,0.0,0.0,1.0,0.0,1.0,0.0,0.0
645,1,0.75,2,1,19.2583,1,0,2666,0.0,0.0,0.0,1.0,1.0,0.0,0.0,1.0,0.0,0.0,0.0
646,1,48.0,1,0,76.7292,0,0,17572,1.0,1.0,0.0,0.0,1.0,0.0,0.0,0.0,1.0,0.0,0.0
647,0,19.0,0,0,7.8958,1,0,349231,1.0,0.0,0.0,1.0,0.0,0.0,1.0,0.0,1.0,0.0,0.0
648,1,56.0,0,0,35.5,0,0,13213,1.0,1.0,0.0,0.0,1.0,0.0,0.0,0.0,0.0,0.0,1.0
649,0,0.0,0,0,7.55,1,1,751,1.0,0.0,0.0,1.0,0.0,0.0,1.0,0.0,1.0,0.0,0.0
650,1,23.0,0,0,7.55,1,0,2314,0.0,0.0,0.0,1.0,0.0,0.0,1.0,1.0,0.0,0.0,0.0
651,0,0.0,0,0,7.8958,1,1,349221,1.0,0.0,0.0,1.0,0.0,0.0,1.0,0.0,1.0,0.0,0.0
652,1,18.0,0,1,23.0,1,0,231919,0.0,0.0,1.0,0.0,0.0,0.0,1.0,1.0,0.0,0.0,0.0
653,0,21.0,0,0,8.4333,1,0,8475,1.0,0.0,0.0,1.0,0.0,0.0,1.0,0.0,1.0,0.0,0.0
654,1,0.0,0,0,7.8292,1,1,330919,0.0,0.0,0.0,1.0,0.0,1.0,0.0,1.0,0.0,0.0,0.0
655,0,18.0,0,0,6.75,1,0,365226,0.0,0.0,0.0,1.0,0.0,1.0,0.0,1.0,0.0,0.0,0.0
656,0,24.0,2,0,73.5,1,0,14879,1.0,0.0,1.0,0.0,0.0,0.0,1.0,0.0,1.0,0.0,0.0
657,0,0.0,0,0,7.8958,1,1,349223,1.0,0.0,0.0,1.0,0.0,0.0,1.0,0.0,1.0,0.0,0.0
658,0,32.0,1,1,15.5,1,0,364849,0.0,0.0,0.0,1.0,0.0,1.0,0.0,0.0,0.0,1.0,0.0
659,0,23.0,0,0,13.0,1,0,29751,1.0,0.0,1.0,0.0,0.0,0.0,1.0,0.0,1.0,0.0,0.0
660,0,58.0,0,2,113.275,0,0,35273,1.0,1.0,0.0,0.0,1.0,0.0,0.0,0.0,1.0,0.0,0.0
661,1,50.0,2,0,133.65,1,0,17611,1.0,1.0,0.0,0.0,0.0,0.0,1.0,0.0,0.0,0.0,1.0
662,0,40.0,0,0,7.225,1,0,2623,1.0,0.0,0.0,1.0,1.0,0.0,0.0,0.0,1.0,0.0,0.0
663,0,47.0,0,0,25.5875,0,0,5727,1.0,1.0,0.0,0.0,0.0,0.0,1.0,0.0,1.0,0.0,0.0
664,0,36.0,0,0,7.4958,1,0,349210,1.0,0.0,0.0,1.0,0.0,0.0,1.0,0.0,1.0,0.0,0.0
665,1,20.0,1,0,7.925,1,0,3101285,1.0,0.0,0.0,1.0,0.0,0.0,1.0,0.0,1.0,0.0,0.0
666,0,32.0,2,0,73.5,1,0,14879,1.0,0.0,1.0,0.0,0.0,0.0,1.0,0.0,1.0,0.0,0.0
667,0,25.0,0,0,13.0,1,0,234686,1.0,0.0,1.0,0.0,0.0,0.0,1.0,0.0,1.0,0.0,0.0
668,0,0.0,0,0,7.775,1,1,312993,1.0,0.0,0.0,1.0,0.0,0.0,1.0,0.0,1.0,0.0,0.0
669,0,43.0,0,0,8.05,1,0,3536,1.0,0.0,0.0,1.0,0.0,0.0,1.0,0.0,1.0,0.0,0.0
670,1,0.0,1,0,52.0,0,1,19996,0.0,1.0,0.0,0.0,0.0,0.0,1.0,0.0,0.0,1.0,0.0
671,1,40.0,1,1,39.0,1,0,29750,0.0,0.0,1.0,0.0,0.0,0.0,1.0,0.0,0.0,1.0,0.0
672,0,31.0,1,0,52.0,0,0,12750,1.0,1.0,0.0,0.0,0.0,0.0,1.0,0.0,1.0,0.0,0.0
673,0,70.0,0,0,10.5,1,0,24580,1.0,0.0,1.0,0.0,0.0,0.0,1.0,0.0,1.0,0.0,0.0
674,1,31.0,0,0,13.0,1,0,244270,1.0,0.0,1.0,0.0,0.0,0.0,1.0,0.0,1.0,0.0,0.0
675,0,0.0,0,0,0.0,1,1,239856,1.0,0.0,1.0,0.0,0.0,0.0,1.0,0.0,1.0,0.0,0.0
676,0,18.0,0,0,7.775,1,0,349912,1.0,0.0,0.0,1.0,0.0,0.0,1.0,0.0,1.0,0.0,0.0
677,0,24.5,0,0,8.05,1,0,342826,1.0,0.0,0.0,1.0,0.0,0.0,1.0,0.0,1.0,0.0,0.0
678,1,18.0,0,0,9.8417,1,0,4138,0.0,0.0,0.0,1.0,0.0,0.0,1.0,1.0,0.0,0.0,0.0
679,0,43.0,1,6,46.9,1,0,2144,0.0,0.0,0.0,1.0,0.0,0.0,1.0,0.0,0.0,1.0,0.0
680,1,36.0,0,1,512.3292,0,0,17755,1.0,1.0,0.0,0.0,1.0,0.0,0.0,0.0,1.0,0.0,0.0
681,0,0.0,0,0,8.1375,1,1,330935,0.0,0.0,0.0,1.0,0.0,1.0,0.0,1.0,0.0,0.0,0.0
682,1,27.0,0,0,76.7292,0,0,17572,1.0,1.0,0.0,0.0,1.0,0.0,0.0,0.0,1.0,0.0,0.0
683,0,20.0,0,0,9.225,1,0,6563,1.0,0.0,0.0,1.0,0.0,0.0,1.0,0.0,1.0,0.0,0.0
684,0,14.0,5,2,46.9,1,0,2144,1.0,0.0,0.0,1.0,0.0,0.0,1.0,0.0,1.0,0.0,0.0
685,0,60.0,1,1,39.0,1,0,29750,1.0,0.0,1.0,0.0,0.0,0.0,1.0,0.0,1.0,0.0,0.0
686,0,25.0,1,2,41.5792,1,0,2123,1.0,0.0,1.0,0.0,1.0,0.0,0.0,0.0,1.0,0.0,0.0
687,0,14.0,4,1,39.6875,1,0,3101295,1.0,0.0,0.0,1.0,0.0,0.0,1.0,0.0,1.0,0.0,0.0
688,0,19.0,0,0,10.1708,1,0,349228,1.0,0.0,0.0,1.0,0.0,0.0,1.0,0.0,1.0,0.0,0.0
689,0,18.0,0,0,7.7958,1,0,350036,1.0,0.0,0.0,1.0,0.0,0.0,1.0,0.0,1.0,0.0,0.0
690,1,15.0,0,1,211.3375,0,0,24160,0.0,1.0,0.0,0.0,0.0,0.0,1.0,1.0,0.0,0.0,0.0
691,1,31.0,1,0,57.0,0,0,17474,1.0,1.0,0.0,0.0,0.0,0.0,1.0,0.0,1.0,0.0,0.0
692,1,4.0,0,1,13.4167,1,0,349256,0.0,0.0,0.0,1.0,1.0,0.0,0.0,1.0,0.0,0.0,0.0
693,1,0.0,0,0,56.4958,1,1,1601,1.0,0.0,0.0,1.0,0.0,0.0,1.0,0.0,1.0,0.0,0.0
694,0,25.0,0,0,7.225,1,0,2672,1.0,0.0,0.0,1.0,1.0,0.0,0.0,0.0,1.0,0.0,0.0
695,0,60.0,0,0,26.55,1,0,113800,1.0,1.0,0.0,0.0,0.0,0.0,1.0,0.0,0.0,0.0,1.0
696,0,52.0,0,0,13.5,1,0,248731,1.0,0.0,1.0,0.0,0.0,0.0,1.0,0.0,1.0,0.0,0.0
697,0,44.0,0,0,8.05,1,0,363592,1.0,0.0,0.0,1.0,0.0,0.0,1.0,0.0,1.0,0.0,0.0
698,1,0.0,0,0,7.7333,1,1,35852,0.0,0.0,0.0,1.0,0.0,1.0,0.0,1.0,0.0,0.0,0.0
699,0,49.0,1,1,110.8833,0,0,17421,1.0,1.0,0.0,0.0,1.0,0.0,0.0,0.0,1.0,0.0,0.0
700,0,42.0,0,0,7.65,0,0,348121,1.0,0.0,0.0,1.0,0.0,0.0,1.0,0.0,1.0,0.0,0.0
701,1,18.0,1,0,227.525,0,0,17757,0.0,1.0,0.0,0.0,1.0,0.0,0.0,0.0,0.0,1.0,0.0
702,1,35.0,0,0,26.2875,0,0,17475,1.0,1.0,0.0,0.0,0.0,0.0,1.0,0.0,1.0,0.0,0.0
703,0,18.0,0,1,14.4542,1,0,2691,0.0,0.0,0.0,1.0,1.0,0.0,0.0,1.0,0.0,0.0,0.0
704,0,25.0,0,0,7.7417,1,0,36864,1.0,0.0,0.0,1.0,0.0,1.0,0.0,0.0,1.0,0.0,0.0
705,0,26.0,1,0,7.8542,1,0,350025,1.0,0.0,0.0,1.0,0.0,0.0,1.0,0.0,1.0,0.0,0.0
706,0,39.0,0,0,26.0,1,0,250655,1.0,0.0,1.0,0.0,0.0,0.0,1.0,0.0,1.0,0.0,0.0
707,1,45.0,0,0,13.5,1,0,223596,0.0,0.0,1.0,0.0,0.0,0.0,1.0,0.0,0.0,1.0,0.0
708,1,42.0,0,0,26.2875,0,0,17476,1.0,1.0,0.0,0.0,0.0,0.0,1.0,0.0,1.0,0.0,0.0
709,1,22.0,0,0,151.55,1,0,113781,0.0,1.0,0.0,0.0,0.0,0.0,1.0,1.0,0.0,0.0,0.0
710,1,0.0,1,1,15.2458,1,1,2661,1.0,0.0,0.0,1.0,1.0,0.0,0.0,0.0,0.0,0.0,1.0
711,1,24.0,0,0,49.5042,0,0,17482,0.0,1.0,0.0,0.0,1.0,0.0,0.0,0.0,0.0,0.0,1.0
712,0,0.0,0,0,26.55,0,1,113028,1.0,1.0,0.0,0.0,0.0,0.0,1.0,0.0,1.0,0.0,0.0
713,1,48.0,1,0,52.0,0,0,19996,1.0,1.0,0.0,0.0,0.0,0.0,1.0,0.0,1.0,0.0,0.0
714,0,29.0,0,0,9.4833,1,0,7545,1.0,0.0,0.0,1.0,0.0,0.0,1.0,0.0,1.0,0.0,0.0
715,0,52.0,0,0,13.0,1,0,250647,1.0,0.0,1.0,0.0,0.0,0.0,1.0,0.0,1.0,0.0,0.0
716,0,19.0,0,0,7.65,0,0,348124,1.0,0.0,0.0,1.0,0.0,0.0,1.0,0.0,1.0,0.0,0.0
717,1,38.0,0,0,227.525,0,0,17757,0.0,1.0,0.0,0.0,1.0,0.0,0.0,1.0,0.0,0.0,0.0
718,1,27.0,0,0,10.5,0,0,34218,0.0,0.0,1.0,0.0,0.0,0.0,1.0,1.0,0.0,0.0,0.0
719,0,0.0,0,0,15.5,1,1,36568,1.0,0.0,0.0,1.0,0.0,1.0,0.0,0.0,1.0,0.0,0.0
720,0,33.0,0,0,7.775,1,0,347062,1.0,0.0,0.0,1.0,0.0,0.0,1.0,0.0,1.0,0.0,0.0
721,1,6.0,0,1,33.0,1,0,248727,0.0,0.0,1.0,0.0,0.0,0.0,1.0,1.0,0.0,0.0,0.0
722,0,17.0,1,0,7.0542,1,0,350048,1.0,0.0,0.0,1.0,0.0,0.0,1.0,0.0,1.0,0.0,0.0
723,0,34.0,0,0,13.0,1,0,12233,1.0,0.0,1.0,0.0,0.0,0.0,1.0,0.0,1.0,0.0,0.0
724,0,50.0,0,0,13.0,1,0,250643,1.0,0.0,1.0,0.0,0.0,0.0,1.0,0.0,1.0,0.0,0.0
725,1,27.0,1,0,53.1,0,0,113806,1.0,1.0,0.0,0.0,0.0,0.0,1.0,0.0,1.0,0.0,0.0
726,0,20.0,0,0,8.6625,1,0,315094,1.0,0.0,0.0,1.0,0.0,0.0,1.0,0.0,1.0,0.0,0.0
727,1,30.0,3,0,21.0,1,0,31027,0.0,0.0,1.0,0.0,0.0,0.0,1.0,0.0,0.0,1.0,0.0
728,1,0.0,0,0,7.7375,1,1,36866,0.0,0.0,0.0,1.0,0.0,1.0,0.0,1.0,0.0,0.0,0.0
729,0,25.0,1,0,26.0,1,0,236853,1.0,0.0,1.0,0.0,0.0,0.0,1.0,0.0,1.0,0.0,0.0
730,0,25.0,1,0,7.925,1,0,3101271,0.0,0.0,0.0,1.0,0.0,0.0,1.0,1.0,0.0,0.0,0.0
731,1,29.0,0,0,211.3375,0,0,24160,0.0,1.0,0.0,0.0,0.0,0.0,1.0,1.0,0.0,0.0,0.0
732,0,11.0,0,0,18.7875,1,0,2699,1.0,0.0,0.0,1.0,1.0,0.0,0.0,0.0,1.0,0.0,0.0
733,0,0.0,0,0,0.0,1,1,239855,1.0,0.0,1.0,0.0,0.0,0.0,1.0,0.0,1.0,0.0,0.0
734,0,23.0,0,0,13.0,1,0,28425,1.0,0.0,1.0,0.0,0.0,0.0,1.0,0.0,1.0,0.0,0.0
735,0,23.0,0,0,13.0,1,0,233639,1.0,0.0,1.0,0.0,0.0,0.0,1.0,0.0,1.0,0.0,0.0
736,0,28.5,0,0,16.1,1,0,54636,1.0,0.0,0.0,1.0,0.0,0.0,1.0,0.0,1.0,0.0,0.0
737,0,48.0,1,3,34.375,1,0,6608,0.0,0.0,0.0,1.0,0.0,0.0,1.0,0.0,0.0,1.0,0.0
738,1,35.0,0,0,512.3292,0,0,17755,1.0,1.0,0.0,0.0,1.0,0.0,0.0,0.0,1.0,0.0,0.0
739,0,0.0,0,0,7.8958,1,1,349201,1.0,0.0,0.0,1.0,0.0,0.0,1.0,0.0,1.0,0.0,0.0
740,0,0.0,0,0,7.8958,1,1,349218,1.0,0.0,0.0,1.0,0.0,0.0,1.0,0.0,1.0,0.0,0.0
741,1,0.0,0,0,30.0,0,1,16988,1.0,1.0,0.0,0.0,0.0,0.0,1.0,0.0,1.0,0.0,0.0
742,0,36.0,1,0,78.85,0,0,19877,1.0,1.0,0.0,0.0,0.0,0.0,1.0,0.0,1.0,0.0,0.0
743,1,21.0,2,2,262.375,0,0,17608,0.0,1.0,0.0,0.0,1.0,0.0,0.0,1.0,0.0,0.0,0.0
744,0,24.0,1,0,16.1,1,0,376566,1.0,0.0,0.0,1.0,0.0,0.0,1.0,0.0,1.0,0.0,0.0
745,1,31.0,0,0,7.925,1,0,3101288,1.0,0.0,0.0,1.0,0.0,0.0,1.0,0.0,1.0,0.0,0.0
746,0,70.0,1,1,71.0,0,0,5735,1.0,1.0,0.0,0.0,0.0,0.0,1.0,0.0,0.0,0.0,1.0
747,0,16.0,1,1,20.25,1,0,2673,1.0,0.0,0.0,1.0,0.0,0.0,1.0,0.0,1.0,0.0,0.0
748,1,30.0,0,0,13.0,1,0,250648,0.0,0.0,1.0,0.0,0.0,0.0,1.0,1.0,0.0,0.0,0.0
749,0,19.0,1,0,53.1,0,0,113773,1.0,1.0,0.0,0.0,0.0,0.0,1.0,0.0,1.0,0.0,0.0
750,0,31.0,0,0,7.75,1,0,335097,1.0,0.0,0.0,1.0,0.0,1.0,0.0,0.0,1.0,0.0,0.0
751,1,4.0,1,1,23.0,1,0,29103,0.0,0.0,1.0,0.0,0.0,0.0,1.0,1.0,0.0,0.0,0.0
752,1,6.0,0,1,12.475,0,0,392096,1.0,0.0,0.0,1.0,0.0,0.0,1.0,0.0,0.0,0.0,1.0
753,0,33.0,0,0,9.5,1,0,345780,1.0,0.0,0.0,1.0,0.0,0.0,1.0,0.0,1.0,0.0,0.0
754,0,23.0,0,0,7.8958,1,0,349204,1.0,0.0,0.0,1.0,0.0,0.0,1.0,0.0,1.0,0.0,0.0
755,1,48.0,1,2,65.0,1,0,220845,0.0,0.0,1.0,0.0,0.0,0.0,1.0,0.0,0.0,1.0,0.0
756,1,0.67,1,1,14.5,1,0,250649,1.0,0.0,1.0,0.0,0.0,0.0,1.0,0.0,0.0,0.0,1.0
757,0,28.0,0,0,7.7958,1,0,350042,1.0,0.0,0.0,1.0,0.0,0.0,1.0,0.0,1.0,0.0,0.0
758,0,18.0,0,0,11.5,1,0,29108,1.0,0.0,1.0,0.0,0.0,0.0,1.0,0.0,1.0,0.0,0.0
759,0,34.0,0,0,8.05,1,0,363294,1.0,0.0,0.0,1.0,0.0,0.0,1.0,0.0,1.0,0.0,0.0
760,1,33.0,0,0,86.5,0,0,110152,0.0,1.0,0.0,0.0,0.0,0.0,1.0,0.0,0.0,0.0,1.0
761,0,0.0,0,0,14.5,1,1,358585,1.0,0.0,0.0,1.0,0.0,0.0,1.0,0.0,1.0,0.0,0.0
762,0,41.0,0,0,7.125,1,0,3101272,1.0,0.0,0.0,1.0,0.0,0.0,1.0,0.0,1.0,0.0,0.0
763,1,20.0,0,0,7.2292,1,0,2663,1.0,0.0,0.0,1.0,1.0,0.0,0.0,0.0,1.0,0.0,0.0
764,1,36.0,1,2,120.0,0,0,113760,0.0,1.0,0.0,0.0,0.0,0.0,1.0,0.0,0.0,1.0,0.0
765,0,16.0,0,0,7.775,1,0,347074,1.0,0.0,0.0,1.0,0.0,0.0,1.0,0.0,1.0,0.0,0.0
766,1,51.0,1,0,77.9583,0,0,13502,0.0,1.0,0.0,0.0,0.0,0.0,1.0,0.0,0.0,1.0,0.0
767,0,0.0,0,0,39.6,1,1,112379,1.0,1.0,0.0,0.0,1.0,0.0,0.0,0.0,0.0,0.0,1.0
768,0,30.5,0,0,7.75,1,0,364850,0.0,0.0,0.0,1.0,0.0,1.0,0.0,1.0,0.0,0.0,0.0
769,0,0.0,1,0,24.15,1,1,371110,1.0,0.0,0.0,1.0,0.0,1.0,0.0,0.0,1.0,0.0,0.0
770,0,32.0,0,0,8.3625,1,0,8471,1.0,0.0,0.0,1.0,0.0,0.0,1.0,0.0,1.0,0.0,0.0
771,0,24.0,0,0,9.5,1,0,345781,1.0,0.0,0.0,1.0,0.0,0.0,1.0,0.0,1.0,0.0,0.0
772,0,48.0,0,0,7.8542,1,0,350047,1.0,0.0,0.0,1.0,0.0,0.0,1.0,0.0,1.0,0.0,0.0
773,0,57.0,0,0,10.5,0,0,3,0.0,0.0,1.0,0.0,0.0,0.0,1.0,0.0,0.0,1.0,0.0
774,0,0.0,0,0,7.225,1,1,2674,1.0,0.0,0.0,1.0,1.0,0.0,0.0,0.0,1.0,0.0,0.0
775,1,54.0,1,3,23.0,1,0,29105,0.0,0.0,1.0,0.0,0.0,0.0,1.0,0.0,0.0,1.0,0.0
776,0,18.0,0,0,7.75,1,0,347078,1.0,0.0,0.0,1.0,0.0,0.0,1.0,0.0,1.0,0.0,0.0
777,0,0.0,0,0,7.75,0,1,383121,1.0,0.0,0.0,1.0,0.0,1.0,0.0,0.0,1.0,0.0,0.0
778,1,5.0,0,0,12.475,1,0,364516,0.0,0.0,0.0,1.0,0.0,0.0,1.0,1.0,0.0,0.0,0.0
779,0,0.0,0,0,7.7375,1,1,36865,1.0,0.0,0.0,1.0,0.0,1.0,0.0,0.0,1.0,0.0,0.0
780,1,43.0,0,1,211.3375,0,0,24160,0.0,1.0,0.0,0.0,0.0,0.0,1.0,0.0,0.0,1.0,0.0
781,1,13.0,0,0,7.2292,1,0,2687,0.0,0.0,0.0,1.0,1.0,0.0,0.0,1.0,0.0,0.0,0.0
782,1,17.0,1,0,57.0,0,0,17474,0.0,1.0,0.0,0.0,0.0,0.0,1.0,0.0,0.0,1.0,0.0
783,0,29.0,0,0,30.0,0,0,113501,1.0,1.0,0.0,0.0,0.0,0.0,1.0,0.0,1.0,0.0,0.0
784,0,0.0,1,2,23.45,1,1,6607,1.0,0.0,0.0,1.0,0.0,0.0,1.0,0.0,1.0,0.0,0.0
785,0,25.0,0,0,7.05,1,0,3101312,1.0,0.0,0.0,1.0,0.0,0.0,1.0,0.0,1.0,0.0,0.0
786,0,25.0,0,0,7.25,1,0,374887,1.0,0.0,0.0,1.0,0.0,0.0,1.0,0.0,1.0,0.0,0.0
787,1,18.0,0,0,7.4958,1,0,3101265,0.0,0.0,0.0,1.0,0.0,0.0,1.0,1.0,0.0,0.0,0.0
788,0,8.0,4,1,29.125,1,0,382652,1.0,0.0,0.0,1.0,0.0,1.0,0.0,0.0,0.0,0.0,1.0
789,1,1.0,1,2,20.575,1,0,2315,1.0,0.0,0.0,1.0,0.0,0.0,1.0,0.0,0.0,0.0,1.0
790,0,46.0,0,0,79.2,0,0,17593,1.0,1.0,0.0,0.0,1.0,0.0,0.0,0.0,1.0,0.0,0.0
791,0,0.0,0,0,7.75,1,1,12460,1.0,0.0,0.0,1.0,0.0,1.0,0.0,0.0,1.0,0.0,0.0
792,0,16.0,0,0,26.0,1,0,239865,1.0,0.0,1.0,0.0,0.0,0.0,1.0,0.0,1.0,0.0,0.0
793,0,0.0,8,2,69.55,1,1,2343,0.0,0.0,0.0,1.0,0.0,0.0,1.0,1.0,0.0,0.0,0.0
794,0,0.0,0,0,30.6958,1,1,17600,1.0,1.0,0.0,0.0,1.0,0.0,0.0,0.0,1.0,0.0,0.0
795,0,25.0,0,0,7.8958,1,0,349203,1.0,0.0,0.0,1.0,0.0,0.0,1.0,0.0,1.0,0.0,0.0
796,0,39.0,0,0,13.0,1,0,28213,1.0,0.0,1.0,0.0,0.0,0.0,1.0,0.0,1.0,0.0,0.0
797,1,49.0,0,0,25.9292,0,0,17465,0.0,1.0,0.0,0.0,0.0,0.0,1.0,0.0,0.0,0.0,1.0
798,1,31.0,0,0,8.6833,1,0,349244,0.0,0.0,0.0,1.0,0.0,0.0,1.0,0.0,0.0,1.0,0.0
799,0,30.0,0,0,7.2292,1,0,2685,1.0,0.0,0.0,1.0,1.0,0.0,0.0,0.0,1.0,0.0,0.0
800,0,30.0,1,1,24.15,1,0,345773,0.0,0.0,0.0,1.0,0.0,0.0,1.0,0.0,0.0,1.0,0.0
801,0,34.0,0,0,13.0,1,0,250647,1.0,0.0,1.0,0.0,0.0,0.0,1.0,0.0,1.0,0.0,0.0
802,1,31.0,1,1,26.25,1,0,31921,0.0,0.0,1.0,0.0,0.0,0.0,1.0,0.0,0.0,1.0,0.0
803,1,11.0,1,2,120.0,0,0,113760,1.0,1.0,0.0,0.0,0.0,0.0,1.0,0.0,0.0,0.0,1.0
804,1,0.42,0,1,8.5167,1,0,2625,1.0,0.0,0.0,1.0,1.0,0.0,0.0,0.0,0.0,0.0,1.0
805,1,27.0,0,0,6.975,1,0,347089,1.0,0.0,0.0,1.0,0.0,0.0,1.0,0.0,1.0,0.0,0.0
806,0,31.0,0,0,7.775,1,0,347063,1.0,0.0,0.0,1.0,0.0,0.0,1.0,0.0,1.0,0.0,0.0
807,0,39.0,0,0,0.0,0,0,112050,1.0,1.0,0.0,0.0,0.0,0.0,1.0,0.0,1.0,0.0,0.0
808,0,18.0,0,0,7.775,1,0,347087,0.0,0.0,0.0,1.0,0.0,0.0,1.0,1.0,0.0,0.0,0.0
809,0,39.0,0,0,13.0,1,0,248723,1.0,0.0,1.0,0.0,0.0,0.0,1.0,0.0,1.0,0.0,0.0
810,1,33.0,1,0,53.1,0,0,113806,0.0,1.0,0.0,0.0,0.0,0.0,1.0,0.0,0.0,1.0,0.0
811,0,26.0,0,0,7.8875,1,0,3474,1.0,0.0,0.0,1.0,0.0,0.0,1.0,0.0,1.0,0.0,0.0
812,0,39.0,0,0,24.15,1,0,48871,1.0,0.0,0.0,1.0,0.0,0.0,1.0,0.0,1.0,0.0,0.0
813,0,35.0,0,0,10.5,1,0,28206,1.0,0.0,1.0,0.0,0.0,0.0,1.0,0.0,1.0,0.0,0.0
814,0,6.0,4,2,31.275,1,0,347082,0.0,0.0,0.0,1.0,0.0,0.0,1.0,1.0,0.0,0.0,0.0
815,0,30.5,0,0,8.05,1,0,364499,1.0,0.0,0.0,1.0,0.0,0.0,1.0,0.0,1.0,0.0,0.0
816,0,0.0,0,0,0.0,0,1,112058,1.0,1.0,0.0,0.0,0.0,0.0,1.0,0.0,1.0,0.0,0.0
817,0,23.0,0,0,7.925,1,0,3101290,0.0,0.0,0.0,1.0,0.0,0.0,1.0,1.0,0.0,0.0,0.0
818,0,31.0,1,1,37.0042,1,0,2079,1.0,0.0,1.0,0.0,1.0,0.0,0.0,0.0,1.0,0.0,0.0
819,0,43.0,0,0,6.45,1,0,7075,1.0,0.0,0.0,1.0,0.0,0.0,1.0,0.0,1.0,0.0,0.0
820,0,10.0,3,2,27.9,1,0,347088,1.0,0.0,0.0,1.0,0.0,0.0,1.0,0.0,0.0,0.0,1.0
821,1,52.0,1,1,93.5,0,0,12749,0.0,1.0,0.0,0.0,0.0,0.0,1.0,0.0,0.0,1.0,0.0
822,1,27.0,0,0,8.6625,1,0,315098,1.0,0.0,0.0,1.0,0.0,0.0,1.0,0.0,1.0,0.0,0.0
823,0,38.0,0,0,0.0,1,0,19972,1.0,1.0,0.0,0.0,0.0,0.0,1.0,0.0,0.0,0.0,1.0
824,1,27.0,0,1,12.475,0,0,392096,0.0,0.0,0.0,1.0,0.0,0.0,1.0,0.0,0.0,1.0,0.0
825,0,2.0,4,1,39.6875,1,0,3101295,1.0,0.0,0.0,1.0,0.0,0.0,1.0,0.0,0.0,0.0,1.0
826,0,0.0,0,0,6.95,1,1,368323,1.0,0.0,0.0,1.0,0.0,1.0,0.0,0.0,1.0,0.0,0.0
827,0,0.0,0,0,56.4958,1,1,1601,1.0,0.0,0.0,1.0,0.0,0.0,1.0,0.0,1.0,0.0,0.0
828,1,1.0,0,2,37.0042,1,0,2079,1.0,0.0,1.0,0.0,1.0,0.0,0.0,0.0,0.0,0.0,1.0
829,1,0.0,0,0,7.75,1,1,367228,1.0,0.0,0.0,1.0,0.0,1.0,0.0,0.0,1.0,0.0,0.0
831,1,15.0,1,0,14.4542,1,0,2659,0.0,0.0,0.0,1.0,1.0,0.0,0.0,0.0,0.0,1.0,0.0
832,1,0.83,1,1,18.75,1,0,29106,1.0,0.0,1.0,0.0,0.0,0.0,1.0,0.0,0.0,0.0,1.0
833,0,0.0,0,0,7.2292,1,1,2671,1.0,0.0,0.0,1.0,1.0,0.0,0.0,0.0,1.0,0.0,0.0
834,0,23.0,0,0,7.8542,1,0,347468,1.0,0.0,0.0,1.0,0.0,0.0,1.0,0.0,1.0,0.0,0.0
835,0,18.0,0,0,8.3,1,0,2223,1.0,0.0,0.0,1.0,0.0,0.0,1.0,0.0,1.0,0.0,0.0
836,1,39.0,1,1,83.1583,0,0,17756,0.0,1.0,0.0,0.0,1.0,0.0,0.0,1.0,0.0,0.0,0.0
837,0,21.0,0,0,8.6625,1,0,315097,1.0,0.0,0.0,1.0,0.0,0.0,1.0,0.0,1.0,0.0,0.0
838,0,0.0,0,0,8.05,1,1,392092,1.0,0.0,0.0,1.0,0.0,0.0,1.0,0.0,1.0,0.0,0.0
839,1,32.0,0,0,56.4958,1,0,1601,1.0,0.0,0.0,1.0,0.0,0.0,1.0,0.0,1.0,0.0,0.0
840,1,0.0,0,0,29.7,0,1,11774,1.0,1.0,0.0,0.0,1.0,0.0,0.0,0.0,1.0,0.0,0.0
841,0,20.0,0,0,7.925,1,0,3101287,1.0,0.0,0.0,1.0,0.0,0.0,1.0,0.0,1.0,0.0,0.0
842,0,16.0,0,0,10.5,1,0,3,1.0,0.0,1.0,0.0,0.0,0.0,1.0,0.0,1.0,0.0,0.0
843,1,30.0,0,0,31.0,1,0,113798,0.0,1.0,0.0,0.0,1.0,0.0,0.0,1.0,0.0,0.0,0.0
844,0,34.5,0,0,6.4375,1,0,2683,1.0,0.0,0.0,1.0,1.0,0.0,0.0,0.0,1.0,0.0,0.0
845,0,17.0,0,0,8.6625,1,0,315090,1.0,0.0,0.0,1.0,0.0,0.0,1.0,0.0,1.0,0.0,0.0
846,0,42.0,0,0,7.55,1,0,5547,1.0,0.0,0.0,1.0,0.0,0.0,1.0,0.0,1.0,0.0,0.0
847,0,0.0,8,2,69.55,1,1,2343,1.0,0.0,0.0,1.0,0.0,0.0,1.0,0.0,1.0,0.0,0.0
848,0,35.0,0,0,7.8958,1,0,349213,1.0,0.0,0.0,1.0,1.0,0.0,0.0,0.0,1.0,0.0,0.0
849,0,28.0,0,1,33.0,1,0,248727,1.0,0.0,1.0,0.0,0.0,0.0,1.0,0.0,0.0,0.0,1.0
850,1,0.0,1,0,89.1042,0,1,17453,0.0,1.0,0.0,0.0,1.0,0.0,0.0,0.0,0.0,1.0,0.0
851,0,4.0,4,2,31.275,1,0,347082,1.0,0.0,0.0,1.0,0.0,0.0,1.0,0.0,0.0,0.0,1.0
852,0,74.0,0,0,7.775,1,0,347060,1.0,0.0,0.0,1.0,0.0,0.0,1.0,0.0,1.0,0.0,0.0
853,0,9.0,1,1,15.2458,1,0,2678,0.0,0.0,0.0,1.0,1.0,0.0,0.0,1.0,0.0,0.0,0.0
854,1,16.0,0,1,39.4,0,0,17592,0.0,1.0,0.0,0.0,0.0,0.0,1.0,1.0,0.0,0.0,0.0
855,0,44.0,1,0,26.0,1,0,244252,0.0,0.0,1.0,0.0,0.0,0.0,1.0,0.0,0.0,1.0,0.0
856,1,18.0,0,1,9.35,1,0,392091,0.0,0.0,0.0,1.0,0.0,0.0,1.0,0.0,0.0,1.0,0.0
857,1,45.0,1,1,164.8667,1,0,36928,0.0,1.0,0.0,0.0,0.0,0.0,1.0,0.0,0.0,1.0,0.0
858,1,51.0,0,0,26.55,0,0,113055,1.0,1.0,0.0,0.0,0.0,0.0,1.0,0.0,1.0,0.0,0.0
859,1,24.0,0,3,19.2583,1,0,2666,0.0,0.0,0.0,1.0,1.0,0.0,0.0,0.0,0.0,1.0,0.0
860,0,0.0,0,0,7.2292,1,1,2629,1.0,0.0,0.0,1.0,1.0,0.0,0.0,0.0,1.0,0.0,0.0
861,0,41.0,2,0,14.1083,1,0,350026,1.0,0.0,0.0,1.0,0.0,0.0,1.0,0.0,1.0,0.0,0.0
862,0,21.0,1,0,11.5,1,0,28134,1.0,0.0,1.0,0.0,0.0,0.0,1.0,0.0,1.0,0.0,0.0
863,1,48.0,0,0,25.9292,0,0,17466,0.0,1.0,0.0,0.0,0.0,0.0,1.0,0.0,0.0,1.0,0.0
864,0,0.0,8,2,69.55,1,1,2343,0.0,0.0,0.0,1.0,0.0,0.0,1.0,1.0,0.0,0.0,0.0
865,0,24.0,0,0,13.0,1,0,233866,1.0,0.0,1.0,0.0,0.0,0.0,1.0,0.0,1.0,0.0,0.0
866,1,42.0,0,0,13.0,1,0,236852,0.0,0.0,1.0,0.0,0.0,0.0,1.0,0.0,0.0,1.0,0.0
867,1,27.0,1,0,13.8583,1,0,2149,0.0,0.0,1.0,0.0,1.0,0.0,0.0,1.0,0.0,0.0,0.0
868,0,31.0,0,0,50.4958,0,0,17590,1.0,1.0,0.0,0.0,0.0,0.0,1.0,0.0,1.0,0.0,0.0
869,0,0.0,0,0,9.5,1,1,345777,1.0,0.0,0.0,1.0,0.0,0.0,1.0,0.0,1.0,0.0,0.0
870,1,4.0,1,1,11.1333,1,0,347742,1.0,0.0,0.0,1.0,0.0,0.0,1.0,0.0,0.0,0.0,1.0
871,0,26.0,0,0,7.8958,1,0,349248,1.0,0.0,0.0,1.0,0.0,0.0,1.0,0.0,1.0,0.0,0.0
872,1,47.0,1,1,52.5542,0,0,11751,0.0,1.0,0.0,0.0,0.0,0.0,1.0,0.0,0.0,1.0,0.0
873,0,33.0,0,0,5.0,0,0,695,1.0,1.0,0.0,0.0,0.0,0.0,1.0,0.0,1.0,0.0,0.0
874,0,47.0,0,0,9.0,1,0,345765,1.0,0.0,0.0,1.0,0.0,0.0,1.0,0.0,1.0,0.0,0.0
875,1,28.0,1,0,24.0,1,0,3381,0.0,0.0,1.0,0.0,1.0,0.0,0.0,0.0,0.0,1.0,0.0
876,1,15.0,0,0,7.225,1,0,2667,0.0,0.0,0.0,1.0,1.0,0.0,0.0,1.0,0.0,0.0,0.0
877,0,20.0,0,0,9.8458,1,0,7534,1.0,0.0,0.0,1.0,0.0,0.0,1.0,0.0,1.0,0.0,0.0
878,0,19.0,0,0,7.8958,1,0,349212,1.0,0.0,0.0,1.0,0.0,0.0,1.0,0.0,1.0,0.0,0.0
879,0,0.0,0,0,7.8958,1,1,349217,1.0,0.0,0.0,1.0,0.0,0.0,1.0,0.0,1.0,0.0,0.0
880,1,56.0,0,1,83.1583,0,0,11767,0.0,1.0,0.0,0.0,1.0,0.0,0.0,0.0,0.0,1.0,0.0
881,1,25.0,0,1,26.0,1,0,230433,0.0,0.0,1.0,0.0,0.0,0.0,1.0,0.0,0.0,1.0,0.0
882,0,33.0,0,0,7.8958,1,0,349257,1.0,0.0,0.0,1.0,0.0,0.0,1.0,0.0,1.0,0.0,0.0
883,0,22.0,0,0,10.5167,1,0,7552,0.0,0.0,0.0,1.0,0.0,0.0,1.0,1.0,0.0,0.0,0.0
884,0,28.0,0,0,10.5,1,0,34068,1.0,0.0,1.0,0.0,0.0,0.0,1.0,0.0,1.0,0.0,0.0
885,0,25.0,0,0,7.05,1,0,392076,1.0,0.0,0.0,1.0,0.0,0.0,1.0,0.0,1.0,0.0,0.0
886,0,39.0,0,5,29.125,1,0,382652,0.0,0.0,0.0,1.0,0.0,1.0,0.0,0.0,0.0,1.0,0.0
887,0,27.0,0,0,13.0,1,0,211536,1.0,0.0,1.0,0.0,0.0,0.0,1.0,0.0,0.0,0.0,1.0
888,1,19.0,0,0,30.0,0,0,112053,0.0,1.0,0.0,0.0,0.0,0.0,1.0,1.0,0.0,0.0,0.0
889,0,0.0,1,2,23.45,1,1,6607,0.0,0.0,0.0,1.0,0.0,0.0,1.0,1.0,0.0,0.0,0.0
890,1,26.0,0,0,30.0,0,0,111369,1.0,1.0,0.0,0.0,1.0,0.0,0.0,0.0,1.0,0.0,0.0
891,0,32.0,0,0,7.75,1,0,370376,1.0,0.0,0.0,1.0,0.0,1.0,0.0,0.0,1.0,0.0,0.0
